countyfp10,pres_clinton,pres_trump,pres_johnson,pres_stein,pres_lariva,pres_other,ussenate_harris,ussenate_sanchez,prop51_yes,prop51_no,prop52_yes,prop52_no,prop53_yes,prop53_no,prop54_yes,prop54_no,prop55_yes,prop55_no,prop56_yes,prop56_no,prop57_yes,prop57_no,prop58_yes,prop58_no,prop59_yes,prop59_no,prop60_yes,prop60_no,prop61_yes,prop61_no,prop62_yes,prop62_no,prop63_yes,prop63_no,prop64_yes,prop64_no,prop65_yes,prop65_no,prop66_yes,prop66_no,prop67_yes,prop67_no,pres_clinton_per,pres_trump_per,pres_third_per,pres_winner,pres_margin,prop51_yes_per,prop51_no_per,prop52_yes_per,prop52_no_per,prop53_yes_per,prop53_no_per,prop54_yes_per,prop54_no_per,prop55_yes_per,prop55_no_per,prop56_yes_per,prop56_no_per,prop57_yes_per,prop57_no_per,prop58_yes_per,prop58_no_per,prop59_yes_per,prop59_no_per,prop60_yes_per,prop60_no_per,prop61_yes_per,prop61_no_per,prop62_yes_per,prop62_no_per,prop63_yes_per,prop63_no_per,prop64_yes_per,prop64_no_per,prop65_yes_per,prop65_no_per,prop66_yes_per,prop66_no_per,prop67_yes_per,prop67_no_per
001,514842.0,95922.0,16906.0,17830.0,3162.0,5604.0,443536.0,144134.0,388254.0,238800.0,474148.0,144095.0,236803.0,368952.0,391069.0,209933.0,464626.0,161335.0,477303.0,163267.0,484119.0,143590.0,512567.0,114819.0,388587.0,192115.0,253245.0,340950.0,345490.0,251476.0,379990.0,231919.0,478253.0,142826.0,417599.0,211277.0,282191.0,324200.0,231988.0,351432.0,433763.0,182455.0,78.69,14.66,6.65,clinton,64.03,36.07,63.93,75.47,24.53,61.92,38.08,76.69,23.31,39.09,60.91,65.07,34.93,74.23,25.77,74.51,25.49,77.12,22.88,81.7,18.3,66.92,33.08,42.62,57.38,57.87,42.13,62.1,37.9,77.0,23.0,66.4,33.6,46.54,53.46
003,334.0,217.0,25.0,21.0,3.0,2.0,342.0,133.0,323.0,266.0,397.0,175.0,279.0,294.0,304.0,265.0,367.0,215.0,368.0,227.0,398.0,183.0,424.0,155.0,365.0,199.0,178.0,388.0,250.0,309.0,304.0,280.0,278.0,310.0,370.0,224.0,176.0,404.0,236.0,308.0,321.0,264.0,55.48,36.05,8.47,clinton,19.44,60.0,40.0,72.0,28.0,54.84,45.16,69.41,30.59,48.69,51.31,53.43,46.57,63.06,36.94,61.85,38.15,68.5,31.5,73.23,26.77,64.72,35.28,31.45,68.55,44.72,55.28,52.05,47.95,47.28,52.72,62.29,37.71,30.34,69.66
005,6004.0,10485.0,804.0,227.0,55.0,159.0,8690.0,4872.0,6774.0,10753.0,9807.0,7627.0,9146.0,8125.0,10791.0,6439.0,8587.0,8864.0,7986.0,9884.0,7784.0,9773.0,10319.0,7160.0,6823.0,9914.0,6135.0,10882.0,5984.0,11388.0,5141.0,12430.0,5768.0,11938.0,8607.0,9291.0,5638.0,11746.0,9502.0,7477.0,6572.0,11082.0,33.86,59.12,7.02,trump,25.27,25.7,74.3,64.08,35.92,38.65,61.35,56.25,43.75,52.96,47.04,62.63,37.37,49.21,50.79,44.69,55.31,44.34,55.66,59.04,40.96,40.77,59.23,36.05,63.95,34.45,65.55,29.26,70.74,32.58,67.42,48.09,51.91,32.43,67.57
007,41567.0,45144.0,4625.0,2594.0,501.0,1133.0,43491.0,30680.0,47658.0,45420.0,63181.0,28790.0,48918.0,41380.0,61353.0,29754.0,55286.0,37637.0,49566.0,46110.0,53534.0,40077.0,64490.0,28612.0,44846.0,43554.0,34112.0,56823.0,34153.0,57104.0,36322.0,57078.0,39619.0,54611.0,51034.0,44697.0,41067.0,51364.0,48592.0,40289.0,46666.0,47356.0,43.5,47.24,9.26,trump,3.74,30.66,69.34,58.64,41.36,51.2,48.8,68.7,31.3,54.17,45.83,67.34,32.66,59.5,40.5,51.81,48.19,57.19,42.81,69.27,30.73,50.73,49.27,37.51,62.49,37.43,62.57,38.89,61.11,42.04,57.96,53.31,46.69,44.43,55.57
009,7944.0,13511.0,1104.0,424.0,56.0,97.0,11259.0,6302.0,9060.0,13578.0,13458.0,8945.0,12499.0,9687.0,14666.0,7631.0,12113.0,10508.0,10250.0,12991.0,12118.0,10676.0,14636.0,8142.0,9491.0,12269.0,8748.0,13417.0,8048.0,14652.0,6488.0,16313.0,7728.0,15448.0,11114.0,12341.0,7819.0,14853.0,13255.0,8800.0,8931.0,14061.0,34.34,58.4,7.27,trump,24.06,36.6,63.4,64.11,35.89,40.02,59.98,60.07,39.93,56.34,43.66,65.78,34.22,53.55,46.45,44.1,55.9,53.16,46.84,64.25,35.75,43.62,56.38,39.47,60.53,35.45,64.55,28.45,71.55,33.34,66.66,47.38,52.62,34.49,65.51
011,2661.0,3551.0,260.0,85.0,39.0,36.0,2639.0,2502.0,3010.0,3486.0,3766.0,2654.0,3435.0,2945.0,3877.0,2475.0,3289.0,3157.0,3212.0,3359.0,3128.0,3353.0,4206.0,2282.0,2263.0,3995.0,2491.0,3805.0,2141.0,4316.0,1933.0,4544.0,2420.0,4140.0,2858.0,3675.0,2179.0,4214.0,3409.0,2834.0,2189.0,4231.0,40.12,53.54,6.33,trump,13.42,52.0,48.0,51.33,48.67,46.34,53.66,58.66,41.34,53.84,46.16,61.04,38.96,51.02,48.98,48.88,51.12,48.26,51.74,64.83,35.17,36.16,63.84,39.56,60.44,33.16,66.84,29.84,70.16,36.89,63.11,43.75,56.25,34.08,65.92
013,319287.0,115956.0,16123.0,8637.0,1566.0,4606.0,282587.0,124731.0,253389.0,200091.0,315435.0,133026.0,202237.0,240321.0,278107.0,163890.0,291824.0,161760.0,319269.0,144498.0,311352.0,138363.0,340013.0,107062.0,245794.0,179953.0,189007.0,246343.0,227285.0,215815.0,230039.0,225545.0,319173.0,140534.0,281832.0,182350.0,215564.0,235857.0,208825.0,221586.0,264671.0,190246.0,68.49,24.87,6.64,clinton,43.62,25.37,74.63,69.38,30.62,55.88,44.12,70.34,29.66,45.7,54.3,62.92,37.08,64.34,35.66,68.84,31.16,69.23,30.77,76.05,23.95,57.73,42.27,43.41,56.59,51.29,48.71,50.49,49.51,69.43,30.57,60.72,39.28,47.75,52.25
015,3485.0,5134.0,416.0,245.0,81.0,197.0,4603.0,2939.0,3985.0,5139.0,5170.0,3979.0,5361.0,3716.0,5938.0,3092.0,5137.0,4049.0,4553.0,5018.0,4651.0,4741.0,6062.0,3288.0,4138.0,4859.0,3694.0,5163.0,3981.0,5162.0,2978.0,6353.0,3129.0,6375.0,5674.0,3863.0,3935.0,5372.0,5266.0,3787.0,3951.0,5459.0,36.46,53.71,9.82,trump,17.25,29.14,70.86,61.03,38.97,43.68,56.32,56.51,43.49,59.06,40.94,65.76,34.24,55.92,44.08,47.57,52.43,49.52,50.48,64.83,35.17,45.99,54.01,41.71,58.29,43.54,56.46,31.92,68.08,32.92,67.08,59.49,40.51,42.28,57.72
017,36404.0,49247.0,5027.0,1425.0,190.0,1298.0,45671.0,26408.0,35260.0,56340.0,54068.0,36447.0,50619.0,38909.0,58323.0,31317.0,45642.0,45860.0,49611.0,44363.0,47697.0,44091.0,57258.0,34374.0,40344.0,46289.0,32096.0,57022.0,35615.0,54707.0,30603.0,61166.0,36896.0,56353.0,47047.0,47170.0,33928.0,57713.0,51605.0,36373.0,39077.0,53128.0,38.9,52.62,8.48,trump,13.72,12.77,87.23,63.36,36.64,38.49,61.51,59.73,40.27,56.54,43.46,65.06,34.94,49.88,50.12,52.79,47.21,51.96,48.04,62.49,37.51,46.57,53.43,36.02,63.98,39.43,60.57,33.35,66.65,39.57,60.43,49.93,50.07,37.02,62.98
019,141341.0,124049.0,9246.0,4300.0,875.0,2508.0,117956.0,118148.0,142268.0,133435.0,174094.0,97202.0,135740.0,131031.0,168984.0,97760.0,162030.0,112808.0,161584.0,120662.0,131105.0,144383.0,191560.0,83727.0,116026.0,142781.0,122258.0,145454.0,98584.0,169946.0,101837.0,171290.0,135100.0,141909.0,132764.0,148923.0,103300.0,168273.0,130819.0,131205.0,111227.0,164117.0,50.06,43.94,6.0,clinton,6.12,25.86,74.14,49.96,50.04,51.6,48.4,64.17,35.83,50.88,49.12,63.35,36.65,58.95,41.05,57.25,42.75,47.59,52.41,69.59,30.41,44.83,55.17,45.67,54.33,36.71,63.29,37.29,62.71,48.77,51.23,47.13,52.87,38.04,61.96
021,3065.0,5788.0,375.0,97.0,54.0,91.0,3423.0,3793.0,4006.0,5315.0,5219.0,3993.0,5022.0,4112.0,5828.0,3268.0,4726.0,4494.0,4183.0,5197.0,4313.0,4886.0,5935.0,3320.0,3512.0,5395.0,3422.0,5621.0,2624.0,6579.0,2569.0,6737.0,2762.0,6644.0,4412.0,5046.0,3193.0,6105.0,4919.0,4022.0,3236.0,5839.0,32.37,61.12,6.52,trump,28.75,37.24,62.76,47.44,52.56,42.98,57.02,56.65,43.35,54.98,45.02,64.07,35.93,51.26,48.74,44.59,55.41,46.89,53.11,64.13,35.87,39.43,60.57,37.84,62.16,28.51,71.49,27.61,72.39,29.36,70.64,46.65,53.35,34.34,65.66
023,33200.0,18373.0,2163.0,3681.0,379.0,1450.0,32729.0,16277.0,29171.0,28521.0,39269.0,17647.0,26106.0,29677.0,35074.0,21220.0,39664.0,18003.0,34940.0,23717.0,38737.0,18429.0,44358.0,12644.0,33513.0,21222.0,21309.0,34209.0,30429.0,24609.0,29409.0,27792.0,30397.0,27879.0,34692.0,24666.0,23783.0,33733.0,22416.0,31740.0,35339.0,22919.0,56.04,31.01,12.95,clinton,25.03,20.72,79.28,66.79,33.21,50.56,49.44,68.99,31.01,46.8,53.2,62.31,37.69,68.78,31.22,59.57,40.43,67.76,32.24,77.82,22.18,61.23,38.77,38.38,61.62,55.29,44.71,51.41,48.59,52.16,47.84,58.45,41.55,41.35,58.65
025,32667.0,12704.0,1221.0,745.0,339.0,415.0,13975.0,28872.0,30768.0,15613.0,31500.0,14738.0,28051.0,17440.0,30126.0,15607.0,32123.0,14291.0,33431.0,13313.0,29912.0,16823.0,37195.0,9616.0,22130.0,23262.0,27681.0,17851.0,23684.0,22339.0,20964.0,25278.0,29619.0,16446.0,20908.0,25236.0,25290.0,20068.0,24195.0,20444.0,23106.0,22556.0,67.93,26.42,5.66,clinton,41.51,44.96,55.04,32.62,67.38,66.34,33.66,68.13,31.87,61.66,38.34,65.87,34.13,69.21,30.79,71.52,28.48,64.0,36.0,79.46,20.54,48.75,51.25,60.79,39.21,51.46,48.54,45.34,54.66,64.3,35.7,45.31,54.69,55.76,44.24
027,3155.0,4248.0,328.0,214.0,51.0,90.0,3863.0,2258.0,3352.0,4430.0,4608.0,3151.0,3829.0,3785.0,4615.0,3010.0,4245.0,3560.0,4139.0,3930.0,4346.0,3505.0,5184.0,2670.0,3436.0,3964.0,3211.0,4307.0,2935.0,4743.0,2742.0,5096.0,3061.0,4888.0,4428.0,3637.0,2956.0,4832.0,3650.0,3741.0,3508.0,4376.0,39.02,52.54,8.45,trump,13.52,36.17,63.83,63.11,36.89,43.07,56.93,59.39,40.61,50.29,49.71,60.52,39.48,54.39,45.61,51.3,48.7,55.36,44.64,66.0,34.0,46.43,53.57,42.71,57.29,38.23,61.77,34.98,65.02,38.51,61.49,54.9,45.1,37.96,62.04
029,98689.0,129584.0,9359.0,2887.0,1522.0,2122.0,98526.0,97689.0,124634.0,115348.0,146071.0,90995.0,126901.0,106571.0,149213.0,85849.0,130668.0,108311.0,118140.0,124665.0,122990.0,115949.0,149708.0,89283.0,91767.0,138768.0,112505.0,122704.0,83746.0,152260.0,73683.0,164932.0,98404.0,141895.0,111932.0,129808.0,84141.0,152766.0,129741.0,102322.0,86575.0,152159.0,40.42,53.07,6.51,trump,12.65,41.77,58.23,50.21,49.79,51.93,48.07,61.62,38.38,54.35,45.65,63.48,36.52,54.68,45.32,48.66,51.34,51.47,48.53,62.64,37.36,39.81,60.19,47.83,52.17,35.48,64.52,30.88,69.12,40.95,59.05,46.3,53.7,35.52,64.48
031,13617.0,18093.0,1338.0,411.0,251.0,205.0,14655.0,13158.0,17209.0,16300.0,19978.0,13226.0,17115.0,15724.0,20716.0,11891.0,18527.0,14746.0,16662.0,17146.0,15009.0,18447.0,21675.0,11682.0,11643.0,20546.0,15183.0,17592.0,10419.0,22313.0,9938.0,22944.0,13479.0,19629.0,14562.0,18847.0,11024.0,21547.0,17122.0,14957.0,10999.0,21842.0,40.15,53.35,6.5,trump,13.2,55.04,44.96,52.69,47.31,51.36,48.64,60.17,39.83,52.12,47.88,63.53,36.47,55.68,44.32,49.28,50.72,44.86,55.14,64.98,35.02,36.17,63.83,46.32,53.68,31.83,68.17,30.22,69.78,40.71,59.29,43.59,56.41,33.85,66.15
033,11496.0,10599.0,1095.0,930.0,103.0,273.0,13188.0,7003.0,11759.0,11915.0,15405.0,8142.0,11091.0,12262.0,13751.0,9491.0,15077.0,8684.0,12478.0,11910.0,14426.0,9371.0,16273.0,7495.0,11386.0,11381.0,9651.0,13613.0,10243.0,13361.0,9174.0,14766.0,10235.0,13959.0,14231.0,10058.0,9597.0,14080.0,11611.0,11205.0,11197.0,12538.0,46.93,43.27,9.8,clinton,3.66,27.39,72.61,65.32,34.68,49.67,50.33,65.42,34.58,47.49,52.51,59.16,40.84,63.45,36.55,51.16,48.84,60.62,39.38,68.47,31.53,50.01,49.99,41.48,58.52,43.4,56.6,38.32,61.68,42.3,57.7,58.59,41.41,40.53,59.47
035,2224.0,7574.0,473.0,105.0,46.0,102.0,4151.0,3226.0,3760.0,6669.0,5363.0,4970.0,6114.0,4159.0,6617.0,3663.0,4767.0,5604.0,4141.0,6419.0,3544.0,6874.0,5969.0,4430.0,3789.0,6247.0,3154.0,6878.0,3926.0,6223.0,2155.0,8290.0,1955.0,8609.0,4839.0,5771.0,2721.0,7632.0,6107.0,4059.0,2964.0,7528.0,21.13,71.97,6.9,trump,50.84,31.08,68.92,56.27,43.73,36.05,63.95,51.9,48.1,59.52,40.48,64.37,35.63,45.96,54.04,39.21,60.79,34.02,65.98,57.4,42.6,37.75,62.25,31.44,68.56,38.68,61.32,20.63,79.37,18.51,81.49,45.61,54.39,26.28,73.72
037,2464364.0,769743.0,88968.0,76465.0,21993.0,12775.0,1895675.0,1218236.0,1899151.0,1338265.0,2371216.0,826314.0,1421892.0,1678235.0,2019011.0,1068036.0,2178331.0,1049940.0,2285802.0,1031179.0,2198324.0,1046466.0,2473207.0,747288.0,1673279.0,1393503.0,1658241.0,1540928.0,1633337.0,1563601.0,1689407.0,1540961.0,2337292.0,910775.0,1980546.0,1345826.0,1606799.0,1596712.0,1524234.0,1560523.0,1813966.0,1370306.0,71.76,22.41,5.83,clinton,49.34,63.26,36.74,60.88,39.12,58.66,41.34,74.16,25.84,45.87,54.13,65.4,34.6,67.48,32.52,68.91,31.09,67.75,32.25,76.8,23.2,54.56,45.44,51.83,48.17,51.09,48.91,52.3,47.7,71.96,28.04,59.54,40.46,50.16,49.84
039,17029.0,23357.0,1558.0,644.0,187.0,337.0,16769.0,17562.0,19263.0,22986.0,24882.0,17195.0,21550.0,20141.0,26571.0,15041.0,22179.0,20137.0,20516.0,22580.0,17802.0,24200.0,25588.0,16460.0,15461.0,25029.0,17357.0,23614.0,13444.0,28607.0,13637.0,28831.0,16541.0,26313.0,19348.0,23883.0,13425.0,28612.0,21069.0,19820.0,14341.0,28011.0,39.5,54.18,6.32,trump,14.68,35.69,64.31,48.85,51.15,45.59,54.41,59.13,40.87,51.69,48.31,63.85,36.15,52.41,47.59,47.61,52.39,42.38,57.62,60.85,39.15,38.18,61.82,42.36,57.64,31.97,68.03,32.11,67.89,38.6,61.4,44.75,55.25,31.94,68.06
041,108707.0,21771.0,4180.0,3109.0,351.0,1155.0,98196.0,27101.0,75501.0,59081.0,100764.0,31288.0,46033.0,84111.0,81860.0,47594.0,90023.0,44617.0,105795.0,32588.0,108519.0,26979.0,109984.0,24833.0,90613.0,36420.0,46639.0,83141.0,71701.0,57175.0,90836.0,43846.0,110035.0,27156.0,96201.0,42003.0,61624.0,71182.0,47921.0,77645.0,100561.0,34674.0,78.05,15.63,6.31,clinton,62.42,23.31,76.69,78.37,21.63,56.1,43.9,76.31,23.69,35.37,64.63,63.23,36.77,66.86,33.14,76.45,23.55,80.09,19.91,81.58,18.42,71.33,28.67,35.94,64.06,55.64,44.36,67.44,32.56,80.21,19.79,69.61,30.39,46.4,53.6
043,3122.0,5185.0,326.0,189.0,55.0,0.0,4134.0,2519.0,3632.0,5184.0,5013.0,3727.0,4444.0,4215.0,5580.0,3074.0,4557.0,4272.0,3779.0,5239.0,4194.0,4623.0,5291.0,3526.0,3676.0,4736.0,2826.0,5702.0,2763.0,5908.0,2921.0,5896.0,2803.0,6096.0,4618.0,4375.0,2829.0,5963.0,4259.0,4231.0,3586.0,5217.0,35.17,58.41,6.42,trump,23.24,100.0,0.0,62.14,37.86,41.2,58.8,57.36,42.64,51.32,48.68,64.48,35.52,51.61,48.39,41.91,58.09,47.57,52.43,60.01,39.99,43.7,56.3,33.14,66.86,31.86,68.14,33.13,66.87,31.5,68.5,51.35,48.65,32.18,67.82
045,22079.0,10888.0,1331.0,2108.0,151.0,920.0,22335.0,9564.0,19135.0,17166.0,25382.0,10598.0,15310.0,19826.0,21492.0,13789.0,25306.0,10903.0,22677.0,14680.0,25077.0,11273.0,27554.0,8895.0,22206.0,12849.0,13216.0,21950.0,18235.0,17403.0,18550.0,17941.0,19235.0,17756.0,20333.0,17135.0,15833.0,20395.0,13830.0,20311.0,23175.0,13172.0,58.91,29.05,12.03,clinton,29.86,14.1,85.9,70.02,29.98,52.71,47.29,70.54,29.46,43.57,56.43,60.92,39.08,69.89,30.11,60.7,39.3,68.99,31.01,75.6,24.4,63.35,36.65,37.58,62.42,51.17,48.83,50.83,49.17,52.0,48.0,54.27,45.73,43.7,56.3
047,37317.0,28725.0,2410.0,1209.0,454.0,674.0,30172.0,29835.0,41502.0,27383.0,45722.0,22394.0,37649.0,29467.0,44052.0,23222.0,43725.0,24660.0,39201.0,31222.0,38917.0,30381.0,49198.0,19859.0,28446.0,37865.0,34074.0,33290.0,25599.0,43141.0,25428.0,43165.0,35691.0,33761.0,35984.0,33916.0,27879.0,40377.0,35814.0,30971.0,28039.0,40424.0,52.72,40.58,6.71,clinton,12.14,40.25,59.75,50.28,49.72,60.25,39.75,67.12,32.88,56.1,43.9,65.48,34.52,63.94,36.06,55.67,44.33,56.16,43.84,71.24,28.76,42.9,57.1,50.58,49.42,37.24,62.76,37.07,62.93,51.39,48.61,51.48,48.52,40.84,59.16
049,877.0,2696.0,122.0,50.0,13.0,30.0,1531.0,1044.0,1177.0,2558.0,1895.0,1804.0,1863.0,1825.0,2170.0,1515.0,1628.0,2114.0,1400.0,2384.0,1599.0,2129.0,2206.0,1525.0,1341.0,2274.0,1226.0,2323.0,1111.0,2583.0,869.0,2877.0,756.0,3026.0,1756.0,2045.0,875.0,2814.0,1896.0,1718.0,1024.0,2739.0,23.15,71.17,5.68,trump,48.02,30.23,69.77,59.46,40.54,31.51,68.49,51.23,48.77,50.52,49.48,58.89,41.11,43.51,56.49,37.0,63.0,42.89,57.11,59.13,40.87,37.1,62.9,34.54,65.46,30.08,69.92,23.2,76.8,19.99,80.01,46.2,53.8,23.72,76.28
051,2773.0,2111.0,222.0,142.0,23.0,5.0,2611.0,1591.0,2422.0,2802.0,3194.0,1949.0,2485.0,2539.0,3048.0,2010.0,3084.0,2119.0,3304.0,2029.0,3525.0,1675.0,3811.0,1403.0,2606.0,2328.0,1690.0,3352.0,2356.0,2663.0,2209.0,2972.0,2549.0,2747.0,3303.0,2061.0,2488.0,2700.0,2340.0,2561.0,3219.0,2055.0,52.56,40.01,7.43,clinton,12.55,82.14,17.86,62.14,37.86,46.36,53.64,62.1,37.9,49.46,50.54,60.26,39.74,59.27,40.73,61.95,38.05,67.79,32.21,73.09,26.91,52.82,47.18,33.52,66.48,46.94,53.06,42.64,57.36,48.13,51.87,61.58,38.42,47.96,52.04
053,89088.0,34895.0,4547.0,2823.0,661.0,1394.0,77659.0,43060.0,83302.0,45512.0,93296.0,34373.0,61207.0,64359.0,74535.0,51280.0,88138.0,40138.0,88664.0,41703.0,90466.0,38310.0,99011.0,29942.0,72983.0,54650.0,56260.0,72603.0,64531.0,64566.0,67883.0,63442.0,87122.0,45528.0,83673.0,49904.0,67461.0,60595.0,58970.0,64652.0,81226.0,47286.0,66.78,26.16,7.06,clinton,40.62,32.17,67.83,64.33,35.67,64.67,35.33,73.08,26.92,48.74,51.26,59.24,40.76,68.71,31.29,68.01,31.99,70.25,29.75,76.78,23.22,57.18,42.82,43.66,56.34,49.99,50.01,51.69,48.31,65.68,34.32,62.64,37.36,52.68,47.32
055,39199.0,17411.0,2551.0,1262.0,207.0,742.0,35925.0,17778.0,29916.0,29051.0,39331.0,18885.0,27463.0,30095.0,35774.0,21641.0,37131.0,21910.0,39625.0,20526.0,41247.0,18253.0,45761.0,13836.0,31678.0,24780.0,24753.0,32852.0,27833.0,30313.0,28818.0,30043.0,37301.0,22252.0,36731.0,23333.0,29434.0,28706.0,26867.0,28157.0,36902.0,21844.0,63.87,28.37,7.76,clinton,35.5,21.81,78.19,66.9,33.1,50.73,49.27,67.56,32.44,47.71,52.29,62.31,37.69,62.89,37.11,65.88,34.12,69.32,30.68,76.78,23.22,56.11,43.89,42.97,57.03,47.87,52.13,48.96,51.04,62.63,37.37,61.15,38.85,50.63,49.37
057,26053.0,23365.0,2378.0,2189.0,85.0,865.0,29639.0,13329.0,22670.0,31137.0,36823.0,16211.0,28120.0,24363.0,35293.0,17159.0,31258.0,22366.0,30666.0,24365.0,32652.0,21179.0,35874.0,17817.0,28089.0,23485.0,17336.0,34921.0,23397.0,29657.0,23691.0,30198.0,26132.0,28544.0,29342.0,26083.0,23855.0,29966.0,27269.0,23947.0,29775.0,24739.0,47.43,42.53,10.04,clinton,4.89,8.95,91.05,68.98,31.02,42.13,57.87,69.43,30.57,53.58,46.42,67.29,32.71,58.29,41.71,55.72,44.28,60.66,39.34,66.82,33.18,54.46,45.54,33.17,66.83,44.1,55.9,43.96,56.04,47.79,52.21,52.94,47.06,44.32,55.68
059,609961.0,507148.0,46128.0,18068.0,4898.0,11318.0,555459.0,486783.0,563623.0,585485.0,761980.0,371994.0,634740.0,476694.0,776875.0,336377.0,617948.0,528443.0,720588.0,462350.0,670417.0,486313.0,788234.0,368269.0,504847.0,577958.0,528435.0,606001.0,505920.0,633942.0,461301.0,698832.0,696018.0,473632.0,619701.0,571646.0,494805.0,654338.0,652016.0,450891.0,500001.0,661419.0,50.94,42.35,6.71,clinton,8.59,30.2,69.8,53.29,46.71,49.05,50.95,67.2,32.8,57.11,42.89,69.78,30.22,53.9,46.1,60.92,39.08,57.96,42.04,68.16,31.84,46.62,53.38,46.58,53.42,44.38,55.62,39.76,60.24,59.51,40.49,52.02,47.98,43.06,56.94
061,73509.0,95138.0,9245.0,2501.0,238.0,2208.0,89687.0,52192.0,78339.0,102363.0,109273.0,68530.0,97869.0,78020.0,115979.0,60443.0,91505.0,88893.0,99418.0,85656.0,98144.0,82636.0,117966.0,63195.0,77237.0,93292.0,66452.0,109707.0,65177.0,111889.0,58275.0,122422.0,81137.0,102082.0,89333.0,96228.0,69846.0,109742.0,106718.0,66127.0,76779.0,104991.0,40.2,52.03,7.76,trump,11.83,9.73,90.27,63.21,36.79,43.35,56.65,61.46,38.54,55.64,44.36,65.74,34.26,50.72,49.28,53.72,46.28,54.29,45.71,65.12,34.88,45.29,54.71,37.72,62.28,36.81,63.19,32.25,67.75,44.28,55.72,48.14,51.86,38.89,61.11
063,3459.0,5420.0,411.0,186.0,29.0,171.0,4606.0,2418.0,3622.0,5993.0,5902.0,3594.0,5261.0,4183.0,5856.0,3554.0,5144.0,4481.0,4614.0,5190.0,5061.0,4560.0,6238.0,3362.0,4249.0,4863.0,3149.0,6025.0,3443.0,6018.0,3008.0,6586.0,3152.0,6510.0,5101.0,4669.0,3493.0,6075.0,5089.0,4059.0,3889.0,5741.0,35.75,56.01,8.24,trump,20.27,14.5,85.5,65.58,34.42,37.67,62.33,62.15,37.85,55.71,44.29,62.23,37.77,53.44,46.56,47.06,52.94,52.6,47.4,64.98,35.02,46.63,53.37,34.33,65.67,36.39,63.61,31.35,68.65,32.62,67.38,52.21,47.79,36.51,63.49
065,373695.0,333243.0,24089.0,11320.0,3433.0,5611.0,339497.0,281437.0,402662.0,328295.0,477766.0,247128.0,399366.0,310706.0,486563.0,225979.0,434990.0,290028.0,422369.0,318539.0,415520.0,315622.0,496460.0,232119.0,311403.0,386970.0,381346.0,337893.0,294471.0,432797.0,256813.0,459745.0,387163.0,331144.0,384018.0,341609.0,305081.0,398566.0,398806.0,293715.0,288314.0,421371.0,49.73,44.35,5.92,clinton,5.38,37.96,62.04,54.68,45.32,55.09,44.91,65.91,34.09,56.24,43.76,68.29,31.71,60.0,40.0,57.01,42.99,56.83,43.17,68.14,31.86,44.59,55.41,53.02,46.98,40.49,59.51,35.84,64.16,53.9,46.1,52.92,47.08,43.36,56.64
067,326023.0,189789.0,24412.0,9846.0,2556.0,6704.0,312038.0,161673.0,289621.0,251862.0,365135.0,170425.0,280948.0,247556.0,345410.0,184162.0,346323.0,194584.0,328578.0,224433.0,340742.0,196109.0,392488.0,141365.0,248563.0,260034.0,232682.0,288391.0,236686.0,291506.0,236158.0,308045.0,312436.0,236285.0,300485.0,253571.0,257530.0,282453.0,272212.0,247222.0,276132.0,266591.0,58.29,33.93,7.78,clinton,24.36,27.6,72.4,65.87,34.13,53.49,46.51,68.18,31.82,53.16,46.84,65.22,34.78,64.03,35.97,59.42,40.58,63.47,36.53,73.52,26.48,48.87,51.13,44.65,55.35,44.81,55.19,43.4,56.6,56.94,43.06,54.23,45.77,47.69,52.31
069,12521.0,7841.0,815.0,364.0,138.0,245.0,11151.0,7568.0,11385.0,9800.0,13658.0,7451.0,10390.0,10429.0,12497.0,8242.0,13760.0,7762.0,13347.0,8501.0,12802.0,8661.0,15450.0,6000.0,10360.0,10079.0,9367.0,11570.0,8870.0,12295.0,8595.0,12896.0,11413.0,10236.0,12113.0,9729.0,10005.0,11181.0,10448.0,10047.0,10803.0,10597.0,57.11,35.76,7.12,clinton,21.35,36.03,63.97,59.57,40.43,53.74,46.26,64.7,35.3,49.91,50.09,60.26,39.74,63.93,36.07,61.09,38.91,59.65,40.35,72.03,27.97,50.69,49.31,44.74,55.26,41.91,58.09,39.99,60.01,52.72,47.28,55.46,44.54,47.22,52.78
071,340833.0,271240.0,21050.0,10604.0,3786.0,6470.0,300738.0,251246.0,343519.0,288604.0,420499.0,206821.0,347861.0,269789.0,417658.0,196780.0,380803.0,245363.0,367042.0,271911.0,360649.0,280341.0,443431.0,194336.0,264942.0,342537.0,345356.0,277142.0,262165.0,370326.0,232521.0,403387.0,343605.0,297514.0,336736.0,304223.0,257999.0,365208.0,351127.0,257972.0,244938.0,382306.0,52.12,41.48,6.41,clinton,10.64,36.91,63.09,54.48,45.52,54.34,45.66,67.03,32.97,56.32,43.68,67.97,32.03,60.82,39.18,57.44,42.56,56.26,43.74,69.53,30.47,43.61,56.39,55.48,44.52,41.45,58.55,36.57,63.43,53.59,46.41,52.54,47.46,41.4,58.6
073,735476.0,477766.0,51663.0,22820.0,3353.0,15322.0,625843.0,446063.0,679149.0,572579.0,860856.0,371253.0,625016.0,571650.0,787455.0,423432.0,756412.0,485004.0,810089.0,471616.0,832800.0,410126.0,900575.0,342557.0,615460.0,549674.0,525736.0,695577.0,558463.0,655410.0,560304.0,683234.0,781990.0,487445.0,744836.0,561478.0,598563.0,646134.0,632762.0,539907.0,660069.0,603852.0,56.3,36.57,7.13,clinton,19.73,17.95,82.05,58.39,41.61,54.26,45.74,69.87,30.13,52.23,47.77,65.03,34.97,60.93,39.07,63.2,36.8,67.0,33.0,72.44,27.56,52.82,47.18,43.05,56.95,46.01,53.99,45.06,54.94,61.6,38.4,57.02,42.98,48.09,51.91
075,345084.0,37688.0,8883.0,9904.0,1799.0,2434.0,286723.0,80985.0,253655.0,126327.0,297714.0,77996.0,113512.0,255184.0,230934.0,136703.0,278685.0,105114.0,323192.0,73408.0,314007.0,66162.0,330471.0,49257.0,272262.0,83248.0,116852.0,254927.0,190823.0,174206.0,269861.0,110308.0,336849.0,57278.0,295284.0,102347.0,156256.0,228423.0,115100.0,247741.0,296203.0,92426.0,85.04,9.29,5.67,clinton,75.75,42.5,57.5,77.98,22.02,66.75,33.25,79.24,20.76,30.79,69.21,62.82,37.18,72.61,27.39,81.49,18.51,82.6,17.4,87.03,12.97,76.58,23.42,31.43,68.57,52.28,47.72,70.98,29.02,85.47,14.53,74.26,25.74,40.62,59.38
077,121124.0,88936.0,8049.0,3134.0,903.0,2020.0,111563.0,81295.0,123955.0,94476.0,143032.0,73604.0,122573.0,91019.0,135856.0,75267.0,138308.0,80547.0,128236.0,94943.0,128644.0,90893.0,156128.0,63299.0,99312.0,109870.0,104306.0,110531.0,91590.0,125714.0,78730.0,139801.0,117335.0,103864.0,115205.0,107001.0,94183.0,121848.0,120928.0,88816.0,90037.0,127273.0,54.03,39.67,6.29,clinton,14.36,30.89,69.11,57.85,42.15,56.75,43.25,66.02,33.98,57.39,42.61,64.35,35.65,63.2,36.8,57.46,42.54,58.6,41.4,71.15,28.85,47.48,52.52,48.55,51.45,42.15,57.85,36.03,63.97,53.04,46.96,51.85,48.15,43.6,56.4
079,67107.0,56164.0,6473.0,2848.0,425.0,1992.0,69190.0,37455.0,65309.0,66651.0,85049.0,44144.0,64305.0,62485.0,81766.0,46400.0,78751.0,52668.0,78974.0,56090.0,81612.0,50323.0,93060.0,38556.0,65322.0,58996.0,49031.0,78895.0,52606.0,75601.0,56211.0,75331.0,69435.0,63958.0,78114.0,57234.0,62078.0,68562.0,67224.0,57244.0,79778.0,52778.0,49.71,41.6,8.69,clinton,8.11,17.58,82.42,64.88,35.12,49.49,50.51,65.83,34.17,50.72,49.28,63.8,36.2,59.92,40.08,58.47,41.53,61.86,38.14,70.71,29.29,52.54,47.46,38.33,61.67,41.03,58.97,42.73,57.27,52.05,47.95,57.71,42.29,47.52,52.48
081,237882.0,57929.0,9464.0,5102.0,1047.0,2960.0,199956.0,81090.0,176624.0,124151.0,218198.0,76962.0,121769.0,167784.0,175056.0,114306.0,197741.0,102466.0,229766.0,78670.0,219323.0,80908.0,238783.0,64971.0,183001.0,99429.0,117937.0,174806.0,149904.0,143881.0,172643.0,127762.0,232926.0,73965.0,195665.0,115088.0,159462.0,140187.0,126728.0,157508.0,202802.0,96541.0,75.67,18.43,5.91,clinton,57.24,26.13,73.87,71.15,28.85,58.72,41.28,73.93,26.07,42.05,57.95,60.5,39.5,65.87,34.13,74.49,25.51,73.05,26.95,78.61,21.39,64.8,35.2,40.29,59.71,51.03,48.97,57.47,42.53,75.9,24.1,62.96,37.04,53.22,46.78
083,107142.0,56365.0,6748.0,3719.0,693.0,2119.0,88861.0,60995.0,94945.0,76790.0,117526.0,50497.0,84433.0,80800.0,109960.0,56474.0,107410.0,63258.0,116814.0,58745.0,119581.0,52038.0,126915.0,45059.0,92383.0,69915.0,74446.0,92803.0,83359.0,82610.0,88337.0,82358.0,110771.0,62748.0,108228.0,67715.0,81651.0,88027.0,76646.0,85125.0,103493.0,69289.0,60.61,31.88,7.51,clinton,28.72,24.64,75.36,59.3,40.7,55.29,44.71,69.95,30.05,51.1,48.9,66.07,33.93,62.94,37.06,66.54,33.46,69.68,30.32,73.8,26.2,56.92,43.08,44.51,55.49,50.23,49.77,51.75,48.25,63.84,36.16,61.51,38.49,48.12,51.88
085,511684.0,144826.0,25325.0,12664.0,2759.0,6451.0,411765.0,207380.0,372953.0,308913.0,481890.0,191198.0,309131.0,351028.0,444163.0,214740.0,453360.0,227274.0,512501.0,184404.0,480141.0,201876.0,504508.0,165652.0,388319.0,242464.0,287455.0,362008.0,327823.0,323860.0,358930.0,305794.0,500802.0,176626.0,406385.0,290786.0,353709.0,326026.0,307306.0,336097.0,446530.0,231748.0,72.71,20.58,6.71,clinton,52.13,29.96,70.04,66.51,33.49,54.7,45.3,71.59,28.41,46.83,53.17,67.41,32.59,66.61,33.39,73.54,26.46,70.4,29.6,75.28,24.72,61.56,38.44,44.26,55.74,50.3,49.7,54.0,46.0,73.93,26.07,58.29,41.71,52.04,47.96
087,95249.0,22438.0,4325.0,4485.0,627.0,1697.0,81443.0,32720.0,70836.0,53402.0,90286.0,31793.0,48316.0,71496.0,70251.0,49815.0,91539.0,33029.0,92068.0,35530.0,93822.0,31191.0,99237.0,25364.0,80321.0,37651.0,43653.0,77590.0,64537.0,55173.0,79046.0,45152.0,90483.0,35668.0,89253.0,38450.0,60291.0,63683.0,44914.0,71941.0,93850.0,31815.0,73.94,17.42,8.64,clinton,56.52,26.98,73.02,71.34,28.66,57.02,42.98,73.96,26.04,40.33,59.67,58.51,41.49,73.49,26.51,72.15,27.85,75.05,24.95,79.64,20.36,68.08,31.92,36.0,64.0,53.91,46.09,63.65,36.35,71.73,28.27,69.89,30.11,48.63,51.37
089,22301.0,51778.0,3382.0,1300.0,329.0,963.0,31877.0,24369.0,29474.0,47964.0,41920.0,34837.0,43392.0,32555.0,47676.0,28251.0,38706.0,38741.0,36373.0,43349.0,32433.0,45330.0,46477.0,30902.0,29747.0,43694.0,29414.0,45747.0,24050.0,52828.0,21627.0,56208.0,21343.0,57432.0,38650.0,40978.0,23785.0,53675.0,41867.0,32567.0,27581.0,50777.0,27.86,64.68,7.46,trump,36.82,25.46,74.54,56.67,43.33,38.06,61.94,54.61,45.39,57.13,42.87,62.79,37.21,49.98,50.02,45.62,54.38,41.71,58.29,60.06,39.94,40.5,59.5,39.13,60.87,31.28,68.72,27.79,72.21,27.09,72.91,48.54,51.46,30.71,69.29
091,601.0,1048.0,98.0,42.0,15.0,26.0,826.0,442.0,721.0,1070.0,1066.0,703.0,949.0,809.0,1060.0,706.0,935.0,863.0,807.0,1032.0,1018.0,770.0,1141.0,641.0,807.0,911.0,538.0,1169.0,658.0,1088.0,572.0,1223.0,550.0,1282.0,941.0,904.0,612.0,1173.0,841.0,860.0,700.0,1107.0,32.84,57.27,9.89,trump,24.43,36.59,63.41,65.14,34.86,40.26,59.74,60.26,39.74,53.98,46.02,60.02,39.98,52.0,48.0,43.88,56.12,56.94,43.06,64.03,35.97,46.97,53.03,31.52,68.48,37.69,62.31,31.87,68.13,30.02,69.98,51.0,49.0,34.29,65.71
093,7234.0,11341.0,875.0,575.0,88.0,379.0,8744.0,6457.0,7987.0,11868.0,11754.0,7953.0,11495.0,8012.0,12490.0,7002.0,11067.0,8921.0,9787.0,10732.0,11164.0,8845.0,13786.0,6234.0,9465.0,9626.0,7086.0,12032.0,8699.0,10768.0,6696.0,13115.0,6419.0,13906.0,10668.0,9932.0,6216.0,13661.0,9622.0,9251.0,8114.0,11999.0,35.3,55.34,9.35,trump,20.04,18.84,81.16,57.52,42.48,40.23,59.77,59.64,40.36,58.93,41.07,64.08,35.92,55.37,44.63,47.7,52.3,55.79,44.21,68.86,31.14,49.58,50.42,37.06,62.94,44.69,55.31,33.8,66.2,31.58,68.42,51.79,48.21,31.27,68.73
095,102360.0,51920.0,6254.0,2771.0,804.0,2004.0,97410.0,49229.0,86891.0,73110.0,107186.0,52146.0,81815.0,75265.0,94296.0,62040.0,104058.0,55979.0,101767.0,62337.0,105285.0,55865.0,121111.0,40180.0,80388.0,73040.0,74345.0,83072.0,74054.0,85179.0,69279.0,92017.0,96962.0,65922.0,96257.0,68597.0,74638.0,86091.0,81497.0,72134.0,76113.0,84042.0,61.62,31.26,7.12,clinton,30.36,28.63,71.37,66.43,33.57,54.31,45.69,67.27,32.73,52.08,47.92,60.32,39.68,65.02,34.98,62.01,37.99,65.33,34.67,75.09,24.91,52.39,47.61,47.23,52.77,46.51,53.49,42.95,57.05,59.53,40.47,58.39,41.61,46.44,53.56
097,160435.0,51408.0,8987.0,7347.0,679.0,2397.0,147532.0,54600.0,124588.0,97722.0,157303.0,62370.0,84500.0,131426.0,127767.0,86783.0,149241.0,72749.0,155868.0,74008.0,156090.0,67839.0,174690.0,49925.0,136286.0,77325.0,81209.0,135646.0,113040.0,104368.0,122533.0,100364.0,146122.0,79500.0,136358.0,94475.0,102280.0,122036.0,90929.0,122274.0,152594.0,73520.0,69.38,22.23,8.39,clinton,47.15,22.07,77.93,72.99,27.01,56.04,43.96,71.61,28.39,39.13,60.87,59.55,40.45,67.23,32.77,67.81,32.19,69.71,30.29,77.77,22.23,63.8,36.2,37.45,62.55,51.99,48.01,54.97,45.03,64.76,35.24,59.07,40.93,45.6,54.4
099,81647.0,78494.0,6662.0,2562.0,986.0,1795.0,80502.0,61219.0,98616.0,70571.0,111633.0,56120.0,96419.0,68172.0,111850.0,53877.0,101693.0,67115.0,95069.0,77393.0,92762.0,76376.0,113666.0,55202.0,69194.0,91540.0,78170.0,86551.0,65949.0,101610.0,55797.0,112520.0,80504.0,89141.0,86389.0,85654.0,69316.0,97563.0,95366.0,68058.0,67184.0,101717.0,47.43,45.6,6.97,clinton,1.83,35.45,64.55,56.8,43.2,58.29,41.71,66.55,33.45,58.58,41.42,67.49,32.51,60.24,39.76,55.12,44.88,54.84,45.16,67.31,32.69,43.05,56.95,47.46,52.54,39.36,60.64,33.15,66.85,47.45,52.55,50.21,49.79,41.54,58.46
101,13076.0,18176.0,1437.0,382.0,198.0,254.0,15191.0,11700.0,15111.0,16917.0,18785.0,13009.0,17049.0,14197.0,19646.0,11491.0,16806.0,15066.0,15821.0,16885.0,16248.0,15734.0,20291.0,11719.0,12373.0,17918.0,13060.0,18188.0,10653.0,21181.0,9427.0,22613.0,12046.0,20276.0,14954.0,17847.0,11051.0,20899.0,17948.0,12945.0,11044.0,21053.0,39.01,54.22,6.77,trump,15.21,43.81,56.19,56.49,43.51,47.18,52.82,59.08,40.92,54.56,45.44,63.1,36.9,52.73,47.27,48.37,51.63,50.8,49.2,63.39,36.61,40.85,59.15,41.79,58.21,33.46,66.54,29.42,70.58,37.27,62.73,45.59,54.41,34.59,65.41
103,6809.0,15494.0,953.0,290.0,138.0,224.0,9456.0,7991.0,8753.0,14520.0,12585.0,10483.0,12892.0,10031.0,13974.0,8847.0,11381.0,11865.0,9974.0,13888.0,9894.0,13390.0,14111.0,9174.0,8766.0,13519.0,8746.0,13882.0,7153.0,15912.0,6211.0,17064.0,6237.0,17301.0,11495.0,12192.0,7325.0,15773.0,12177.0,10287.0,7500.0,16005.0,28.48,64.81,6.71,trump,36.33,38.12,61.88,54.2,45.8,37.61,62.39,54.56,45.44,56.24,43.76,61.23,38.77,48.96,51.04,41.8,58.2,42.49,57.51,60.6,39.4,39.34,60.66,38.65,61.35,31.01,68.99,26.69,73.31,26.5,73.5,48.53,51.47,31.71,68.29
105,2214.0,2812.0,302.0,239.0,21.0,98.0,2696.0,1795.0,2346.0,3313.0,3417.0,2228.0,2941.0,2576.0,3467.0,2057.0,3244.0,2392.0,2482.0,3297.0,2824.0,2858.0,3846.0,1789.0,2713.0,2766.0,1953.0,3543.0,2111.0,3424.0,2001.0,3599.0,1733.0,3955.0,2880.0,2874.0,1734.0,3907.0,2705.0,2708.0,2523.0,3165.0,38.94,49.45,11.61,trump,10.52,17.65,82.35,60.03,39.97,41.46,58.54,60.53,39.47,53.31,46.69,62.76,37.24,57.56,42.44,42.95,57.05,49.7,50.3,68.25,31.75,49.52,50.48,35.53,64.47,38.14,61.86,35.73,64.27,30.47,69.53,50.05,49.95,30.74,69.26
107,47585.0,58299.0,3800.0,1620.0,636.0,394.0,47145.0,44044.0,56356.0,54367.0,68911.0,41132.0,59430.0,49173.0,68555.0,39561.0,59696.0,50699.0,57093.0,55508.0,49782.0,61030.0,68421.0,42397.0,40094.0,66023.0,47101.0,61559.0,36166.0,73592.0,35881.0,74601.0,45971.0,65162.0,50531.0,61760.0,41771.0,67842.0,57682.0,49368.0,39035.0,71469.0,42.36,51.9,5.74,trump,9.54,61.75,38.25,51.7,48.3,50.9,49.1,62.62,37.38,54.72,45.28,63.41,36.59,54.07,45.93,50.7,49.3,44.92,55.08,61.74,38.26,37.78,62.22,43.35,56.65,32.95,67.05,32.48,67.52,41.37,58.63,45.0,55.0,38.11,61.89
109,9123.0,14551.0,1101.0,384.0,63.0,307.0,12239.0,6345.0,9808.0,15322.0,15127.0,9790.0,13238.0,11315.0,15443.0,9192.0,13391.0,11856.0,12027.0,13733.0,12426.0,12726.0,15565.0,9541.0,10996.0,12858.0,9165.0,15229.0,9186.0,15706.0,7328.0,17752.0,9032.0,16308.0,13461.0,12283.0,8973.0,16101.0,13817.0,10318.0,10320.0,14932.0,35.74,57.0,7.27,trump,21.26,17.03,82.97,65.86,34.14,39.03,60.97,60.71,39.29,53.92,46.08,62.69,37.31,53.04,46.96,46.69,53.31,49.4,50.6,62.0,38.0,46.1,53.9,37.57,62.43,36.9,63.1,29.22,70.78,35.64,64.36,52.29,47.71,35.79,64.21
111,194402.0,132323.0,13679.0,6315.0,1481.0,3526.0,181785.0,115964.0,179879.0,160602.0,231900.0,106249.0,174056.0,158220.0,223820.0,108794.0,200466.0,140710.0,216150.0,132380.0,209997.0,133377.0,249641.0,95638.0,161920.0,163609.0,168400.0,169313.0,146511.0,191933.0,144032.0,200044.0,207507.0,139288.0,194918.0,155902.0,154521.0,187197.0,178416.0,147139.0,167009.0,171629.0,55.27,37.62,7.11,clinton,17.65,29.58,70.42,61.05,38.95,52.83,47.17,68.58,31.42,52.38,47.62,67.29,32.71,58.76,41.24,62.02,37.98,61.16,38.84,72.3,27.7,49.74,50.26,49.86,50.14,43.29,56.71,41.86,58.14,59.84,40.16,55.56,44.44,45.22,54.78
113,54752.0,20739.0,3346.0,1779.0,358.0,1116.0,48901.0,23429.0,43035.0,36386.0,55899.0,22564.0,35568.0,42137.0,47900.0,30054.0,55107.0,24888.0,56369.0,25592.0,54571.0,25628.0,61879.0,18245.0,46054.0,29997.0,31753.0,46260.0,38487.0,39708.0,42887.0,37001.0,51975.0,29069.0,49624.0,32455.0,36599.0,42966.0,35380.0,40982.0,48091.0,32644.0,66.7,25.26,8.04,clinton,41.43,24.29,75.71,67.61,32.39,54.19,45.81,71.24,28.76,45.77,54.23,61.45,38.55,68.89,31.11,68.78,31.22,68.04,31.96,77.23,22.77,60.56,39.44,40.7,59.3,49.22,50.78,53.68,46.32,64.13,35.87,60.46,39.54,46.0,54.0
115,7910.0,13170.0,1063.0,438.0,168.0,249.0,9999.0,7789.0,10069.0,12327.0,13009.0,9196.0,12393.0,9578.0,14305.0,7658.0,11745.0,10509.0,10020.0,12703.0,11479.0,10845.0,14568.0,7762.0,8928.0,12646.0,9547.0,12284.0,7944.0,14198.0,6266.0,15926.0,7510.0,14928.0,10720.0,11949.0,7770.0,14360.0,12161.0,9311.0,7368.0,14902.0,34.39,57.27,8.34,trump,22.87,40.29,59.71,56.21,43.79,44.96,55.04,58.59,41.41,56.41,43.59,65.13,34.87,52.78,47.22,44.1,55.9,51.42,48.58,65.24,34.76,41.38,58.62,43.73,56.27,35.88,64.12,28.24,71.76,33.47,66.53,47.29,52.71,35.11,64.89
