<?xml version="1.0"?>
<!--<!DOCTYPE metadata SYSTEM "http://www.esri.com/metadata/esriprof80.dtd">-->
<metadata xml:lang="en"><Esri><CreaDate>20170103</CreaDate><CreaTime>07160900</CreaTime><SyncOnce>FALSE</SyncOnce><DataProperties><lineage><Process Name="Merge_2" ToolSource="C:\Program Files\ArcGIS\ArcToolbox\Toolboxes\Data Management Tools.tbx\Merge" Date="20070531" Time="152808">Merge 'C:\Documents and Settings\bosborn\My Documents\Projects\Precincts_2007\Eastside_Precincts\Plumas_County_Voter_Precincts.mdb\Precincts_2007\East_Precincts';'C:\Documents and Settings\bosborn\My Documents\Projects\Precincts_2007\Plumas_County_Voter_Precincts.mdb\Precincts_2007\Precinct_Numbers' "C:\Documents and Settings\bosborn\My Documents\Projects\Precincts_2007\PC_Precincts.shp" "SHAPE_Leng SHAPE_Length false true true 8 Double 0 0 ,First,#,C:\Documents and Settings\bosborn\My Documents\Projects\Precincts_2007\Eastside_Precincts\Plumas_County_Voter_Precincts.mdb\Precincts_2007\East_Precincts,SHAPE_Length,-1,-1,C:\Documents and Settings\bosborn\My Documents\Projects\Precincts_2007\Plumas_County_Voter_Precincts.mdb\Precincts_2007\Precinct_Numbers,SHAPE_Length,-1,-1;SHAPE_Area SHAPE_Area false true true 8 Double 0 0 ,First,#,C:\Documents and Settings\bosborn\My Documents\Projects\Precincts_2007\Eastside_Precincts\Plumas_County_Voter_Precincts.mdb\Precincts_2007\East_Precincts,SHAPE_Area,-1,-1,C:\Documents and Settings\bosborn\My Documents\Projects\Precincts_2007\Plumas_County_Voter_Precincts.mdb\Precincts_2007\Precinct_Numbers,SHAPE_Area,-1,-1;Precincts_ Precincts_ true true false 4 Long 0 0 ,First,#,C:\Documents and Settings\bosborn\My Documents\Projects\Precincts_2007\Eastside_Precincts\Plumas_County_Voter_Precincts.mdb\Precincts_2007\East_Precincts,Precincts_Num,-1,-1,C:\Documents and Settings\bosborn\My Documents\Projects\Precincts_2007\Plumas_County_Voter_Precincts.mdb\Precincts_2007\Precinct_Numbers,Precincts_Num,-1,-1"</Process><Process ToolSource="C:\Program Files\ArcGIS\ArcToolbox\Toolboxes\Conversion Tools.tbx\FeatureClassToFeatureClass" Date="20110803" Time="112737">FeatureClassToFeatureClass "C:\Documents and Settings\bosborn\My Documents\Becky's\GIS (MetaData)\Precincts (Plumas County)\Precincts-Current for 2010\Precincts_2010.shp" "C:\Documents and Settings\bosborn\My Documents\Becky's\GIS (MetaData)\Precincts (Plumas County)\Precincts-Current for 2011\Precincts_2011.gdb\Precincts_2011" Precincts_2011 # "SHAPE_Leng 'SHAPE_Leng' true true false 19 Double 11 18 ,First,#,C:\Documents and Settings\bosborn\My Documents\Becky's\GIS (MetaData)\Precincts (Plumas County)\Precincts-Current for 2010\Precincts_2010.shp,SHAPE_Leng,-1,-1;SHAPE_Area 'SHAPE_Area' true true false 19 Double 11 18 ,First,#,C:\Documents and Settings\bosborn\My Documents\Becky's\GIS (MetaData)\Precincts (Plumas County)\Precincts-Current for 2010\Precincts_2010.shp,SHAPE_Area,-1,-1;Precincts 'Precincts' true true false 50 Text 0 0 ,First,#,C:\Documents and Settings\bosborn\My Documents\Becky's\GIS (MetaData)\Precincts (Plumas County)\Precincts-Current for 2010\Precincts_2010.shp,Precincts,-1,-1;Precinct_N 'Precinct_N' true true false 100 Text 0 0 ,First,#,C:\Documents and Settings\bosborn\My Documents\Becky's\GIS (MetaData)\Precincts (Plumas County)\Precincts-Current for 2010\Precincts_2010.shp,Precinct_N,-1,-1;Community 'Community' true true false 50 Text 0 0 ,First,#,C:\Documents and Settings\bosborn\My Documents\Becky's\GIS (MetaData)\Precincts (Plumas County)\Precincts-Current for 2010\Precincts_2010.shp,Community,-1,-1;Sq_Miles 'Sq_Miles' true true false 19 Double 0 0 ,First,#,C:\Documents and Settings\bosborn\My Documents\Becky's\GIS (MetaData)\Precincts (Plumas County)\Precincts-Current for 2010\Precincts_2010.shp,Sq_Miles,-1,-1;St_Sen_1 'St_Sen_1' true true false 4 Short 0 4 ,First,#,C:\Documents and Settings\bosborn\My Documents\Becky's\GIS (MetaData)\Precincts (Plumas County)\Precincts-Current for 2010\Precincts_2010.shp,St_Sen_1,-1,-1;St_Assm_3 'St_Assm_3' true true false 4 Short 0 4 ,First,#,C:\Documents and Settings\bosborn\My Documents\Becky's\GIS (MetaData)\Precincts (Plumas County)\Precincts-Current for 2010\Precincts_2010.shp,St_Assm_3,-1,-1;St_Cong_4 'St_Cong_4' true true false 4 Short 0 4 ,First,#,C:\Documents and Settings\bosborn\My Documents\Becky's\GIS (MetaData)\Precincts (Plumas County)\Precincts-Current for 2010\Precincts_2010.shp,St_Cong_4,-1,-1;BOE_2 'BOE_2' true true false 4 Short 0 4 ,First,#,C:\Documents and Settings\bosborn\My Documents\Becky's\GIS (MetaData)\Precincts (Plumas County)\Precincts-Current for 2010\Precincts_2010.shp,BOE_2,-1,-1;Portola 'Portola' true true false 4 Short 0 4 ,First,#,C:\Documents and Settings\bosborn\My Documents\Becky's\GIS (MetaData)\Precincts (Plumas County)\Precincts-Current for 2010\Precincts_2010.shp,Portola,-1,-1;Unincorp 'Unincorp' true true false 4 Short 0 4 ,First,#,C:\Documents and Settings\bosborn\My Documents\Becky's\GIS (MetaData)\Precincts (Plumas County)\Precincts-Current for 2010\Precincts_2010.shp,Unincorp,-1,-1;Sup_1 'Sup_1' true true false 4 Short 0 4 ,First,#,C:\Documents and Settings\bosborn\My Documents\Becky's\GIS (MetaData)\Precincts (Plumas County)\Precincts-Current for 2010\Precincts_2010.shp,Sup_1,-1,-1;Sup_2 'Sup_2' true true false 4 Short 0 4 ,First,#,C:\Documents and Settings\bosborn\My Documents\Becky's\GIS (MetaData)\Precincts (Plumas County)\Precincts-Current for 2010\Precincts_2010.shp,Sup_2,-1,-1;Sup_3 'Sup_3' true true false 4 Short 0 4 ,First,#,C:\Documents and Settings\bosborn\My Documents\Becky's\GIS (MetaData)\Precincts (Plumas County)\Precincts-Current for 2010\Precincts_2010.shp,Sup_3,-1,-1;Sup_4 'Sup_4' true true false 4 Short 0 4 ,First,#,C:\Documents and Settings\bosborn\My Documents\Becky's\GIS (MetaData)\Precincts (Plumas County)\Precincts-Current for 2010\Precincts_2010.shp,Sup_4,-1,-1;Sup_5 'Sup_5' true true false 4 Short 0 4 ,First,#,C:\Documents and Settings\bosborn\My Documents\Becky's\GIS (MetaData)\Precincts (Plumas County)\Precincts-Current for 2010\Precincts_2010.shp,Sup_5,-1,-1;_cand_4 '_cand_4' true true false 4 Short 0 4 ,First,#,C:\Documents and Settings\bosborn\My Documents\Becky's\GIS (MetaData)\Precincts (Plumas County)\Precincts-Current for 2010\Precincts_2010.shp,4_cand_4,-1,-1;_cand_3 '_cand_3' true true false 4 Short 0 4 ,First,#,C:\Documents and Settings\bosborn\My Documents\Becky's\GIS (MetaData)\Precincts (Plumas County)\Precincts-Current for 2010\Precincts_2010.shp,4_cand_3,-1,-1;_cand_2 '_cand_2' true true false 4 Short 0 4 ,First,#,C:\Documents and Settings\bosborn\My Documents\Becky's\GIS (MetaData)\Precincts (Plumas County)\Precincts-Current for 2010\Precincts_2010.shp,4_cand_2,-1,-1;_cand_1_5 '_cand_1_5' true true false 4 Short 0 4 ,First,#,C:\Documents and Settings\bosborn\My Documents\Becky's\GIS (MetaData)\Precincts (Plumas County)\Precincts-Current for 2010\Precincts_2010.shp,4_cand_1_5,-1,-1;_cand_34 '_cand_34' true true false 4 Short 0 4 ,First,#,C:\Documents and Settings\bosborn\My Documents\Becky's\GIS (MetaData)\Precincts (Plumas County)\Precincts-Current for 2010\Precincts_2010.shp,3_cand_3,-1,-1;_cand_2_5 '_cand_2_5' true true false 4 Short 0 4 ,First,#,C:\Documents and Settings\bosborn\My Documents\Becky's\GIS (MetaData)\Precincts (Plumas County)\Precincts-Current for 2010\Precincts_2010.shp,3_cand_2_5,-1,-1;_cand_1_4 '_cand_1_4' true true false 4 Short 0 4 ,First,#,C:\Documents and Settings\bosborn\My Documents\Becky's\GIS (MetaData)\Precincts (Plumas County)\Precincts-Current for 2010\Precincts_2010.shp,3_cand_1_4,-1,-1;_cand_2_4 '_cand_2_4' true true false 4 Short 0 4 ,First,#,C:\Documents and Settings\bosborn\My Documents\Becky's\GIS (MetaData)\Precincts (Plumas County)\Precincts-Current for 2010\Precincts_2010.shp,2_cand_2_4,-1,-1;_can1_3_5 '_can1_3_5' true true false 4 Short 0 4 ,First,#,C:\Documents and Settings\bosborn\My Documents\Becky's\GIS (MetaData)\Precincts (Plumas County)\Precincts-Current for 2010\Precincts_2010.shp,2_can1_3_5,-1,-1;FRC 'FRC' true true false 4 Short 0 4 ,First,#,C:\Documents and Settings\bosborn\My Documents\Becky's\GIS (MetaData)\Precincts (Plumas County)\Precincts-Current for 2010\Precincts_2010.shp,FRC,-1,-1;PUSD 'PUSD' true true false 4 Short 0 4 ,First,#,C:\Documents and Settings\bosborn\My Documents\Becky's\GIS (MetaData)\Precincts (Plumas County)\Precincts-Current for 2010\Precincts_2010.shp,PUSD,-1,-1;S_PUSD 'S_PUSD' true true false 4 Short 0 4 ,First,#,C:\Documents and Settings\bosborn\My Documents\Becky's\GIS (MetaData)\Precincts (Plumas County)\Precincts-Current for 2010\Precincts_2010.shp,S_PUSD,-1,-1;BW_Fire 'BW_Fire' true true false 4 Short 0 4 ,First,#,C:\Documents and Settings\bosborn\My Documents\Becky's\GIS (MetaData)\Precincts (Plumas County)\Precincts-Current for 2010\Precincts_2010.shp,BW_Fire,-1,-1;Chest_Fire 'Chest_Fire' true true false 4 Short 0 4 ,First,#,C:\Documents and Settings\bosborn\My Documents\Becky's\GIS (MetaData)\Precincts (Plumas County)\Precincts-Current for 2010\Precincts_2010.shp,Chest_Fire,-1,-1;Cresc_Fire 'Cresc_Fire' true true false 4 Short 0 4 ,First,#,C:\Documents and Settings\bosborn\My Documents\Becky's\GIS (MetaData)\Precincts (Plumas County)\Precincts-Current for 2010\Precincts_2010.shp,Cresc_Fire,-1,-1;EPFPD 'EPFPD' true true false 4 Short 0 4 ,First,#,C:\Documents and Settings\bosborn\My Documents\Becky's\GIS (MetaData)\Precincts (Plumas County)\Precincts-Current for 2010\Precincts_2010.shp,EPFPD,-1,-1;GE_Fire 'GE_Fire' true true false 4 Short 0 4 ,First,#,C:\Documents and Settings\bosborn\My Documents\Becky's\GIS (MetaData)\Precincts (Plumas County)\Precincts-Current for 2010\Precincts_2010.shp,GE_Fire,-1,-1;HB_Fire 'HB_Fire' true true false 4 Short 0 4 ,First,#,C:\Documents and Settings\bosborn\My Documents\Becky's\GIS (MetaData)\Precincts (Plumas County)\Precincts-Current for 2010\Precincts_2010.shp,HB_Fire,-1,-1;LaPor_Fire 'LaPor_Fire' true true false 4 Short 0 4 ,First,#,C:\Documents and Settings\bosborn\My Documents\Becky's\GIS (MetaData)\Precincts (Plumas County)\Precincts-Current for 2010\Precincts_2010.shp,LaPor_Fire,-1,-1;MV_Fire 'MV_Fire' true true false 4 Short 0 4 ,First,#,C:\Documents and Settings\bosborn\My Documents\Becky's\GIS (MetaData)\Precincts (Plumas County)\Precincts-Current for 2010\Precincts_2010.shp,MV_Fire,-1,-1;Prat_FIre 'Prat_FIre' true true false 4 Short 0 4 ,First,#,C:\Documents and Settings\bosborn\My Documents\Becky's\GIS (MetaData)\Precincts (Plumas County)\Precincts-Current for 2010\Precincts_2010.shp,Prat_FIre,-1,-1;Qcy_Fire 'Qcy_Fire' true true false 4 Short 0 4 ,First,#,C:\Documents and Settings\bosborn\My Documents\Becky's\GIS (MetaData)\Precincts (Plumas County)\Precincts-Current for 2010\Precincts_2010.shp,Qcy_Fire,-1,-1;SVFPD 'SVFPD' true true false 4 Short 0 4 ,First,#,C:\Documents and Settings\bosborn\My Documents\Becky's\GIS (MetaData)\Precincts (Plumas County)\Precincts-Current for 2010\Precincts_2010.shp,SVFPD,-1,-1;Ches_Cemet 'Ches_Cemet' true true false 4 Short 0 4 ,First,#,C:\Documents and Settings\bosborn\My Documents\Becky's\GIS (MetaData)\Precincts (Plumas County)\Precincts-Current for 2010\Precincts_2010.shp,Ches_Cemet,-1,-1;CM_Cemet 'CM_Cemet' true true false 4 Short 0 4 ,First,#,C:\Documents and Settings\bosborn\My Documents\Becky's\GIS (MetaData)\Precincts (Plumas County)\Precincts-Current for 2010\Precincts_2010.shp,CM_Cemet,-1,-1;Crom_Cemet 'Crom_Cemet' true true false 4 Short 0 4 ,First,#,C:\Documents and Settings\bosborn\My Documents\Becky's\GIS (MetaData)\Precincts (Plumas County)\Precincts-Current for 2010\Precincts_2010.shp,Crom_Cemet,-1,-1;Grnvl_Cemt 'Grnvl_Cemt' true true false 4 Short 0 4 ,First,#,C:\Documents and Settings\bosborn\My Documents\Becky's\GIS (MetaData)\Precincts (Plumas County)\Precincts-Current for 2010\Precincts_2010.shp,Grnvl_Cemt,-1,-1;LaPort_Cem 'LaPort_Cem' true true false 4 Short 0 4 ,First,#,C:\Documents and Settings\bosborn\My Documents\Becky's\GIS (MetaData)\Precincts (Plumas County)\Precincts-Current for 2010\Precincts_2010.shp,LaPort_Cem,-1,-1;MV_Cemet 'MV_Cemet' true true false 4 Short 0 4 ,First,#,C:\Documents and Settings\bosborn\My Documents\Becky's\GIS (MetaData)\Precincts (Plumas County)\Precincts-Current for 2010\Precincts_2010.shp,MV_Cemet,-1,-1;Mohaw_Cem 'Mohaw_Cem' true true false 4 Short 0 4 ,First,#,C:\Documents and Settings\bosborn\My Documents\Becky's\GIS (MetaData)\Precincts (Plumas County)\Precincts-Current for 2010\Precincts_2010.shp,Mohaw_Cem,-1,-1;Prta_Cemet 'Prta_Cemet' true true false 4 Short 0 4 ,First,#,C:\Documents and Settings\bosborn\My Documents\Becky's\GIS (MetaData)\Precincts (Plumas County)\Precincts-Current for 2010\Precincts_2010.shp,Prta_Cemet,-1,-1;Qcy_Cemet 'Qcy_Cemet' true true false 4 Short 0 4 ,First,#,C:\Documents and Settings\bosborn\My Documents\Becky's\GIS (MetaData)\Precincts (Plumas County)\Precincts-Current for 2010\Precincts_2010.shp,Qcy_Cemet,-1,-1;Taylr_Cemt 'Taylr_Cemt' true true false 4 Short 0 4 ,First,#,C:\Documents and Settings\bosborn\My Documents\Becky's\GIS (MetaData)\Precincts (Plumas County)\Precincts-Current for 2010\Precincts_2010.shp,Taylr_Cemt,-1,-1;EPDH 'EPDH' true true false 4 Short 0 4 ,First,#,C:\Documents and Settings\bosborn\My Documents\Becky's\GIS (MetaData)\Precincts (Plumas County)\Precincts-Current for 2010\Precincts_2010.shp,EPDH,-1,-1;IVHD 'IVHD' true true false 4 Short 0 4 ,First,#,C:\Documents and Settings\bosborn\My Documents\Becky's\GIS (MetaData)\Precincts (Plumas County)\Precincts-Current for 2010\Precincts_2010.shp,IVHD,-1,-1;PDH 'PDH' true true false 4 Short 0 4 ,First,#,C:\Documents and Settings\bosborn\My Documents\Becky's\GIS (MetaData)\Precincts (Plumas County)\Precincts-Current for 2010\Precincts_2010.shp,PDH,-1,-1;SHD 'SHD' true true false 4 Short 0 4 ,First,#,C:\Documents and Settings\bosborn\My Documents\Becky's\GIS (MetaData)\Precincts (Plumas County)\Precincts-Current for 2010\Precincts_2010.shp,SHD,-1,-1;CM_Light 'CM_Light' true true false 4 Short 0 4 ,First,#,C:\Documents and Settings\bosborn\My Documents\Becky's\GIS (MetaData)\Precincts (Plumas County)\Precincts-Current for 2010\Precincts_2010.shp,CM_Light,-1,-1;Qcy_Light 'Qcy_Light' true true false 4 Short 0 4 ,First,#,C:\Documents and Settings\bosborn\My Documents\Becky's\GIS (MetaData)\Precincts (Plumas County)\Precincts-Current for 2010\Precincts_2010.shp,Qcy_Light,-1,-1;CPRD 'CPRD' true true false 4 Short 0 4 ,First,#,C:\Documents and Settings\bosborn\My Documents\Becky's\GIS (MetaData)\Precincts (Plumas County)\Precincts-Current for 2010\Precincts_2010.shp,CPRD,-1,-1;IVRec 'IVRec' true true false 4 Short 0 4 ,First,#,C:\Documents and Settings\bosborn\My Documents\Becky's\GIS (MetaData)\Precincts (Plumas County)\Precincts-Current for 2010\Precincts_2010.shp,IVRec,-1,-1;Alm_Rec 'Alm_Rec' true true false 4 Short 0 4 ,First,#,C:\Documents and Settings\bosborn\My Documents\Becky's\GIS (MetaData)\Precincts (Plumas County)\Precincts-Current for 2010\Precincts_2010.shp,Alm_Rec,-1,-1;EPRD 'EPRD' true true false 4 Short 0 4 ,First,#,C:\Documents and Settings\bosborn\My Documents\Becky's\GIS (MetaData)\Precincts (Plumas County)\Precincts-Current for 2010\Precincts_2010.shp,EPRD,-1,-1;C_Rd_CSD 'C_Rd_CSD' true true false 4 Short 0 4 ,First,#,C:\Documents and Settings\bosborn\My Documents\Becky's\GIS (MetaData)\Precincts (Plumas County)\Precincts-Current for 2010\Precincts_2010.shp,C_Rd_CSD,-1,-1;Dixie_CSD 'Dixie_CSD' true true false 4 Short 0 4 ,First,#,C:\Documents and Settings\bosborn\My Documents\Becky's\GIS (MetaData)\Precincts (Plumas County)\Precincts-Current for 2010\Precincts_2010.shp,Dixie_CSD,-1,-1;EQSD 'EQSD' true true false 4 Short 0 4 ,First,#,C:\Documents and Settings\bosborn\My Documents\Becky's\GIS (MetaData)\Precincts (Plumas County)\Precincts-Current for 2010\Precincts_2010.shp,EQSD,-1,-1;FRCny_CSD 'FRCny_CSD' true true false 4 Short 0 4 ,First,#,C:\Documents and Settings\bosborn\My Documents\Becky's\GIS (MetaData)\Precincts (Plumas County)\Precincts-Current for 2010\Precincts_2010.shp,FRCny_CSD,-1,-1;GE_CSD 'GE_CSD' true true false 4 Short 0 4 ,First,#,C:\Documents and Settings\bosborn\My Documents\Becky's\GIS (MetaData)\Precincts (Plumas County)\Precincts-Current for 2010\Precincts_2010.shp,GE_CSD,-1,-1;Grnhrn_CSD 'Grnhrn_CSD' true true false 4 Short 0 4 ,First,#,C:\Documents and Settings\bosborn\My Documents\Becky's\GIS (MetaData)\Precincts (Plumas County)\Precincts-Current for 2010\Precincts_2010.shp,Grnhrn_CSD,-1,-1;GM_CSD 'GM_CSD' true true false 4 Short 0 4 ,First,#,C:\Documents and Settings\bosborn\My Documents\Becky's\GIS (MetaData)\Precincts (Plumas County)\Precincts-Current for 2010\Precincts_2010.shp,GM_CSD,-1,-1;HB_CSD 'HB_CSD' true true false 4 Short 0 4 ,First,#,C:\Documents and Settings\bosborn\My Documents\Becky's\GIS (MetaData)\Precincts (Plumas County)\Precincts-Current for 2010\Precincts_2010.shp,HB_CSD,-1,-1;LngVly_CSD 'LngVly_CSD' true true false 4 Short 0 4 ,First,#,C:\Documents and Settings\bosborn\My Documents\Becky's\GIS (MetaData)\Precincts (Plumas County)\Precincts-Current for 2010\Precincts_2010.shp,LngVly_CSD,-1,-1;Qcy_CSD 'Qcy_CSD' true true false 4 Short 0 4 ,First,#,C:\Documents and Settings\bosborn\My Documents\Becky's\GIS (MetaData)\Precincts (Plumas County)\Precincts-Current for 2010\Precincts_2010.shp,Qcy_CSD,-1,-1;IV_CSD 'IV_CSD' true true false 4 Short 0 4 ,First,#,C:\Documents and Settings\bosborn\My Documents\Becky's\GIS (MetaData)\Precincts (Plumas County)\Precincts-Current for 2010\Precincts_2010.shp,IV_CSD,-1,-1;W_Almr_CSD 'W_Almr_CSD' true true false 4 Short 0 4 ,First,#,C:\Documents and Settings\bosborn\My Documents\Becky's\GIS (MetaData)\Precincts (Plumas County)\Precincts-Current for 2010\Precincts_2010.shp,W_Almr_CSD,-1,-1;Plu_Eu_CSD 'Plu_Eu_CSD' true true false 4 Short 0 4 ,First,#,C:\Documents and Settings\bosborn\My Documents\Becky's\GIS (MetaData)\Precincts (Plumas County)\Precincts-Current for 2010\Precincts_2010.shp,Plu_Eu_CSD,-1,-1;WHR_CSD 'WHR_CSD' true true false 4 Short 0 4 ,First,#,C:\Documents and Settings\bosborn\My Documents\Becky's\GIS (MetaData)\Precincts (Plumas County)\Precincts-Current for 2010\Precincts_2010.shp,WHR_CSD,-1,-1;Walk_R_CSD 'Walk_R_CSD' true true false 4 Short 0 4 ,First,#,C:\Documents and Settings\bosborn\My Documents\Becky's\GIS (MetaData)\Precincts (Plumas County)\Precincts-Current for 2010\Precincts_2010.shp,Walk_R_CSD,-1,-1;GR_CSD 'GR_CSD' true true false 4 Short 0 4 ,First,#,C:\Documents and Settings\bosborn\My Documents\Becky's\GIS (MetaData)\Precincts (Plumas County)\Precincts-Current for 2010\Precincts_2010.shp,GR_CSD,-1,-1;LACC_CSA 'LACC_CSA' true true false 4 Short 0 4 ,First,#,C:\Documents and Settings\bosborn\My Documents\Becky's\GIS (MetaData)\Precincts (Plumas County)\Precincts-Current for 2010\Precincts_2010.shp,LACC_CSA,-1,-1;HB_CSA 'HB_CSA' true true false 4 Short 0 4 ,First,#,C:\Documents and Settings\bosborn\My Documents\Becky's\GIS (MetaData)\Precincts (Plumas County)\Precincts-Current for 2010\Precincts_2010.shp,HB_CSA,-1,-1;Genes_CSA 'Genes_CSA' true true false 4 Short 0 4 ,First,#,C:\Documents and Settings\bosborn\My Documents\Becky's\GIS (MetaData)\Precincts (Plumas County)\Precincts-Current for 2010\Precincts_2010.shp,Genes_CSA,-1,-1;Wn_Vly_CSA 'Wn_Vly_CSA' true true false 4 Short 0 4 ,First,#,C:\Documents and Settings\bosborn\My Documents\Becky's\GIS (MetaData)\Precincts (Plumas County)\Precincts-Current for 2010\Precincts_2010.shp,Wn_Vly_CSA,-1,-1;BigMdw_CSA 'BigMdw_CSA' true true false 4 Short 0 4 ,First,#,C:\Documents and Settings\bosborn\My Documents\Becky's\GIS (MetaData)\Precincts (Plumas County)\Precincts-Current for 2010\Precincts_2010.shp,BigMdw_CSA,-1,-1;Ambu_CSA 'Ambu_CSA' true true false 4 Short 0 4 ,First,#,C:\Documents and Settings\bosborn\My Documents\Becky's\GIS (MetaData)\Precincts (Plumas County)\Precincts-Current for 2010\Precincts_2010.shp,Ambu_CSA,-1,-1;Chstr_PUD 'Chstr_PUD' true true false 4 Short 0 4 ,First,#,C:\Documents and Settings\bosborn\My Documents\Becky's\GIS (MetaData)\Precincts (Plumas County)\Precincts-Current for 2010\Precincts_2010.shp,Chstr_PUD,-1,-1;Cstr_PUD_A 'Cstr_PUD_A' true true false 4 Short 0 4 ,First,#,C:\Documents and Settings\bosborn\My Documents\Becky's\GIS (MetaData)\Precincts (Plumas County)\Precincts-Current for 2010\Precincts_2010.shp,Cstr_PUD_A,-1,-1;Clio_PUD 'Clio_PUD' true true false 4 Short 0 4 ,First,#,C:\Documents and Settings\bosborn\My Documents\Becky's\GIS (MetaData)\Precincts (Plumas County)\Precincts-Current for 2010\Precincts_2010.shp,Clio_PUD,-1,-1;Johns_PUD 'Johns_PUD' true true false 4 Short 0 4 ,First,#,C:\Documents and Settings\bosborn\My Documents\Becky's\GIS (MetaData)\Precincts (Plumas County)\Precincts-Current for 2010\Precincts_2010.shp,Johns_PUD,-1,-1;Crock_Imp 'Crock_Imp' true true false 4 Short 0 4 ,First,#,C:\Documents and Settings\bosborn\My Documents\Becky's\GIS (MetaData)\Precincts (Plumas County)\Precincts-Current for 2010\Precincts_2010.shp,Crock_Imp,-1,-1;Grz_Lk_Imp 'Grz_Lk_Imp' true true false 4 Short 0 4 ,First,#,C:\Documents and Settings\bosborn\My Documents\Becky's\GIS (MetaData)\Precincts (Plumas County)\Precincts-Current for 2010\Precincts_2010.shp,Grz_Lk_Imp,-1,-1;Lst_Ch_Wtr 'Lst_Ch_Wtr' true true false 4 Short 0 4 ,First,#,C:\Documents and Settings\bosborn\My Documents\Becky's\GIS (MetaData)\Precincts (Plumas County)\Precincts-Current for 2010\Precincts_2010.shp,Lst_Ch_Wtr,-1,-1;Pen_Fire 'Pen_Fire' true true false 4 Short 0 4 ,First,#,C:\Documents and Settings\bosborn\My Documents\Becky's\GIS (MetaData)\Precincts (Plumas County)\Precincts-Current for 2010\Precincts_2010.shp,Pen_Fire,-1,-1;BW_CSA 'BW_CSA' true true false 4 Short 0 4 ,First,#,C:\Documents and Settings\bosborn\My Documents\Becky's\GIS (MetaData)\Precincts (Plumas County)\Precincts-Current for 2010\Precincts_2010.shp,BW_CSA,-1,-1" # "C:\Documents and Settings\bosborn\My Documents\Becky's\GIS (MetaData)\Precincts (Plumas County)\Precincts-Current for 2011\Precincts_2011.gdb\Precincts_2011\Precincts_2011"</Process><Process ToolSource="c:\program files (x86)\arcgis\desktop10.2\ArcToolbox\Toolboxes\Data Management Tools.tbx\CalculateField" Date="20160307" Time="121946">CalculateField Precincts_2011 Prec_Name "!Precincts! + ' ' + !Precinct_N!" PYTHON_9.3 #</Process><Process ToolSource="c:\program files (x86)\arcgis\desktop10.4\ArcToolbox\Toolboxes\Data Management Tools.tbx\CalculateField" Date="20161205" Time="090509">CalculateField Precincts_Prop_64 Name_Comb "[Precincts] &amp; " " &amp; [Precinct_N]" VB #</Process><Process ToolSource="c:\program files (x86)\arcgis\desktop10.4\ArcToolbox\Toolboxes\Data Management Tools.tbx\CalculateField" Date="20161205" Time="090526">CalculateField Precincts_Prop_64 Name_Comb "[Precincts] &amp; " " &amp; [Precinct_N]" VB #</Process><Process ToolSource="c:\program files (x86)\arcgis\desktop10.4\ArcToolbox\Toolboxes\Data Management Tools.tbx\CalculateField" Date="20170103" Time="125432">CalculateField Precincts_Grouped_for_election Shape_Area !shape.area! PYTHON_9.3 #</Process><Process ToolSource="c:\program files (x86)\arcgis\desktop10.4\ArcToolbox\Toolboxes\Data Management Tools.tbx\CalculateField" Date="20170103" Time="125519">CalculateField Precincts_Grouped_for_election Shape_Leng !shape.length@feet!

 PYTHON_9.3 #</Process></lineage></DataProperties><SyncDate>20130710</SyncDate><SyncTime>12174800</SyncTime><ModDate>20130710</ModDate><ModTime>12174800</ModTime><ArcGISFormat>1.0</ArcGISFormat><ArcGISstyle>FGDC CSDGM Metadata</ArcGISstyle></Esri><idinfo><citation><citeinfo><onlink Sync="TRUE">\\arcims\gis share\Precincts\Precincts_2011.gdb</onlink><origin>Plumas County</origin><pubdate>Unpublished Material</pubdate><title Sync="TRUE">Precincts_2011</title><ftname Sync="TRUE">Precincts_2011</ftname><geoform Sync="TRUE">vector digital data</geoform></citeinfo></citation><native Sync="TRUE">Microsoft Windows XP Version 5.1 (Build 2600) Service Pack 3; ESRI ArcCatalog 9.3.1.1850</native><descript><langdata Sync="TRUE">en</langdata><abstract>Voting Precincts 2011. The dataset contains polygons representing Plumas County voting precinct boundaries. Precincts were changed based on the 2011 County Supervisorial Redistricting following the 2010 census.  Precincts are components of other Election districts and determine where residents vote and in which elective district citizens reside. </abstract><purpose>Data created for use in developing a county-wide precincts mapbook.  This layer was developed to help the Voter Registrar to determine voting precincts for registered voters in Plumas County for each election period and for general use for public distribution. Precinct boundaries can be overlaid on the GIS parcel layer to designate which voters fall into each precinct.</purpose></descript><timeperd><current>publication date</current><timeinfo><sngdate><caldate>2011</caldate></sngdate></timeinfo></timeperd><status><progress>In work</progress><update>As needed</update></status><spdom><bounding><westbc Sync="TRUE">-121.503992</westbc><eastbc Sync="TRUE">-120.083289</eastbc><northbc Sync="TRUE">40.450542</northbc><southbc Sync="TRUE">39.585280</southbc></bounding><lboundng><leftbc Sync="TRUE">6701453.915028</leftbc><rightbc Sync="TRUE">7095144.409798</rightbc><bottombc Sync="TRUE">1737967.136907</bottombc><topbc Sync="TRUE">2047811.382046</topbc></lboundng></spdom><keywords><theme><themekt>REQUIRED: Reference to a formally registered thesaurus or a similar authoritative source of theme keywords.</themekt><themekey>Precinct</themekey><themekey>voter districts</themekey><themekey>election districts</themekey></theme><place><placekey>Plumas County</placekey></place></keywords><accconst>The data reflects precinct boundaries at the time of the data release. Precinct boundaries are subject to change at any time. Contact the County of Plumas Planning Department for more information on this GIS data and the Plumas County Clerk Elections regarding Voting Precincts.</accconst><useconst>Plumas County GIS shall not be held liable for any errors in this data.  This includes errors of omission, commission, errors concerning the data, and relative and positional accuracy of the data.  This data cannot be constructed to be a legal document.  Primary sources from which this data was compiled must be consulted for verification of information contained in this data.
</useconst><natvform Sync="TRUE">File Geodatabase Feature Class</natvform><ptcontac><cntinfo><cntperp><cntper>Becky Osborn</cntper><cntorg>Plumas County</cntorg></cntperp><cntpos>GIS Planner</cntpos><cntaddr><addrtype>mailing and physical address</addrtype><address>555 Main Street</address><city>Quincy</city><state>CA</state><postal>95971</postal></cntaddr><cntvoice>530-283-7011</cntvoice><cntfax>530-283-6134</cntfax></cntinfo></ptcontac><secinfo><secclass>Unclassified</secclass></secinfo></idinfo><distInfo><distributor><distorTran><onLineSrc><linkage Sync="TRUE">file://\\arcims\gis share\Precincts\Precincts_2011.gdb</linkage><protocol Sync="TRUE">Local Area Network</protocol><orDesc Sync="TRUE">002</orDesc></onLineSrc><transSize Sync="TRUE">0.695</transSize></distorTran><distorFormat><formatName Sync="TRUE">File Geodatabase Feature Class</formatName></distorFormat></distributor></distInfo><dataqual><lineage><procstep><date Sync="TRUE">20070625</date><time Sync="TRUE">08351200</time></procstep><procstep><procdesc Sync="TRUE">Dataset copied.</procdesc><srcused Sync="TRUE">C:\Documents and Settings\bosborn\My Documents\Projects\Plumas County Special Districts\Precinct_topology_2007</srcused><date Sync="TRUE">20070730</date><time Sync="TRUE">16022300</time></procstep><procstep><procdesc Sync="TRUE">Dataset copied.</procdesc><srcused Sync="TRUE"></srcused><procdate Sync="TRUE">20100112</procdate><proctime Sync="TRUE">14114200</proctime></procstep><procstep><procdesc Sync="TRUE">Dataset moved.</procdesc><srcused Sync="TRUE">C:\Documents and Settings\bosborn\My Documents\Becky's\GIS (MetaData)\Public Land Ownership - Trusts - USA\Precincts_2010</srcused><procdate Sync="TRUE">20100128</procdate><proctime Sync="TRUE">09154500</proctime></procstep></lineage><logic>In process of validation by source and/or responsible agency.</logic><complete>Data believed to be complete and accurate as of the time period cited. Subject to change. Digital version compared with original source data for accuracy and completeness. In process of validation by source and/or responsible agency.</complete></dataqual><dataIdInfo><envirDesc Sync="TRUE">Microsoft Windows XP Version 5.1 (Build 2600) Service Pack 3; ESRI ArcCatalog 9.3.1.1850</envirDesc><dataLang><languageCode Sync="TRUE" value="en"></languageCode></dataLang><idCitation><resTitle Sync="TRUE">Precincts_2011</resTitle><presForm><PresFormCd Sync="TRUE" value="005"></PresFormCd></presForm></idCitation><spatRpType><SpatRepTypCd Sync="TRUE" value="001"></SpatRepTypCd></spatRpType><dataExt><geoEle><GeoBndBox esriExtentType="native"><westBL Sync="TRUE">6701453.915028</westBL><eastBL Sync="TRUE">7095144.409798</eastBL><northBL Sync="TRUE">2047811.382046</northBL><southBL Sync="TRUE">1737967.136907</southBL><exTypeCode Sync="TRUE">1</exTypeCode></GeoBndBox></geoEle></dataExt><geoBox esriExtentType="decdegrees"><westBL Sync="TRUE">-121.503992</westBL><eastBL Sync="TRUE">-120.083289</eastBL><northBL Sync="TRUE">40.450542</northBL><southBL Sync="TRUE">39.58528</southBL><exTypeCode Sync="TRUE">1</exTypeCode></geoBox></dataIdInfo><metainfo><langmeta Sync="TRUE">en</langmeta><metstdn Sync="TRUE">FGDC Content Standards for Digital Geospatial Metadata</metstdn><metstdv Sync="TRUE">FGDC-STD-001-1998</metstdv><mettc Sync="TRUE">local time</mettc><metc><cntinfo><cntorgp><cntper>Becky Osborn</cntper><cntorg>Plumas County GIS</cntorg></cntorgp><cntaddr><addrtype>mailing and physical address</addrtype><city>Quincy</city><state>CA</state><postal>95971</postal><address>555 Main Street</address></cntaddr><cntvoice>530-283-7011</cntvoice><cntpos>GIS Planner</cntpos><cntfax>530-283-6134</cntfax></cntinfo></metc><metd Sync="TRUE">20130710</metd><metrd>10/2008</metrd><metac>This metadata file is to accompany the data set identified and received from Plumas County GIS.  Plumas County GIS does not support secondary distribution.  If this data file was received from anyone besides Plumas County GIS, this metadata file and the data set it describes may contain discrepancies.</metac><metextns><onlink Sync="TRUE">http://www.esri.com/metadata/esriprof80.html</onlink><metprof Sync="TRUE">ESRI Metadata Profile</metprof></metextns></metainfo><mdLang><languageCode Sync="TRUE" value="en"></languageCode></mdLang><mdStanName Sync="TRUE">ISO 19115 Geographic Information - Metadata</mdStanName><mdStanVer Sync="TRUE">DIS_ESRI1.0</mdStanVer><mdChar><CharSetCd Sync="TRUE" value="004"></CharSetCd></mdChar><mdHrLv><ScopeCd Sync="TRUE" value="005"></ScopeCd></mdHrLv><mdHrLvName Sync="TRUE">dataset</mdHrLvName><distinfo><resdesc Sync="TRUE">Downloadable Data</resdesc><stdorder><digform><digtinfo><transize Sync="TRUE">0.695</transize><dssize Sync="TRUE">0.695</dssize></digtinfo></digform></stdorder><distrib><cntinfo><cntperp><cntper>Becky Osborn</cntper><cntorg>Plumas County GIS</cntorg></cntperp><cntpos>GIS Planner</cntpos><cntaddr><addrtype>mailing and physical address</addrtype><address>555 Main Street</address><city>Quincy</city><state>CA</state><postal>95971</postal><country>USA</country></cntaddr><cntvoice>530-283-7011</cntvoice><cntfax>530-283-6134</cntfax></cntinfo></distrib><availabl><timeinfo><sngdate><caldate>2011</caldate></sngdate></timeinfo></availabl></distinfo><spdoinfo><direct Sync="TRUE">Vector</direct><ptvctinf><esriterm Name="Precincts_2011"><efeatyp Sync="TRUE">Simple</efeatyp><efeageom Sync="TRUE">Polygon</efeageom><esritopo Sync="TRUE">TRUE</esritopo><efeacnt Sync="TRUE">274</efeacnt><spindex Sync="TRUE">TRUE</spindex><linrefer Sync="TRUE">FALSE</linrefer><XYRank Sync="TRUE">1</XYRank><ZRank Sync="TRUE">1</ZRank><topoWeight Sync="TRUE">5.000000</topoWeight><validateEvents Sync="TRUE">FALSE</validateEvents><partTopoRules><topoRuleID Sync="TRUE">1</topoRuleID></partTopoRules><partTopoRules><topoRuleID Sync="TRUE">2</topoRuleID></partTopoRules></esriterm><sdtsterm Name="Precincts_2011"><sdtstype Sync="TRUE">G-polygon</sdtstype><ptvctcnt Sync="TRUE">274</ptvctcnt></sdtsterm></ptvctinf></spdoinfo><spref><horizsys><cordsysn><geogcsn Sync="TRUE">GCS_North_American_1983</geogcsn><projcsn Sync="TRUE">NAD_1983_StatePlane_California_I_FIPS_0401_Feet</projcsn></cordsysn><planar><planci><plance Sync="TRUE">coordinate pair</plance><plandu Sync="TRUE">survey feet</plandu><coordrep><absres Sync="TRUE">0.000328</absres><ordres Sync="TRUE">0.000328</ordres></coordrep></planci><mapproj><mapprojn Sync="TRUE">Lambert Conformal Conic</mapprojn><lambertc><stdparll Sync="TRUE">40.000000</stdparll><stdparll Sync="TRUE">41.666667</stdparll><longcm Sync="TRUE">-122.000000</longcm><latprjo Sync="TRUE">39.333333</latprjo><feast Sync="TRUE">6561666.666667</feast><fnorth Sync="TRUE">1640416.666667</fnorth></lambertc></mapproj></planar><geodetic><horizdn Sync="TRUE">North American Datum of 1983</horizdn><ellips Sync="TRUE">Geodetic Reference System 80</ellips><semiaxis Sync="TRUE">6378137.000000</semiaxis><denflat Sync="TRUE">298.257222</denflat></geodetic></horizsys><vertdef><altsys><altres Sync="TRUE">0.000100</altres><altenc Sync="TRUE">Explicit elevation coordinate included with horizontal coordinates</altenc></altsys></vertdef></spref><refSysInfo><RefSystem><refSysID><identCode Sync="TRUE">NAD_1983_StatePlane_California_I_FIPS_0401_Feet</identCode></refSysID></RefSystem></refSysInfo><spatRepInfo><VectSpatRep><topLvl><TopoLevCd Sync="TRUE" value="001"></TopoLevCd></topLvl><geometObjs Name="Precincts_2011"><geoObjTyp><GeoObjTypCd Sync="TRUE" value="001"></GeoObjTypCd></geoObjTyp><geoObjCnt Sync="TRUE">274</geoObjCnt></geometObjs></VectSpatRep></spatRepInfo><eainfo><detailed Name="Precincts_2011"><enttyp><enttypl Sync="TRUE">Precincts_2011</enttypl><enttypt Sync="TRUE">Feature Class</enttypt><enttypc Sync="TRUE">274</enttypc></enttyp><attr><attrlabl Sync="TRUE">OBJECTID</attrlabl><attalias Sync="TRUE">OBJECTID</attalias><attrtype Sync="TRUE">OID</attrtype><attwidth Sync="TRUE">4</attwidth><atprecis Sync="TRUE">0</atprecis><attscale Sync="TRUE">0</attscale><attrdef Sync="TRUE">Internal feature number.</attrdef><attrdefs Sync="TRUE">ESRI</attrdefs><attrdomv><udom Sync="TRUE">Sequential unique whole numbers that are automatically generated.</udom></attrdomv></attr><attr><attrlabl Sync="TRUE">Shape</attrlabl><attalias Sync="TRUE">Shape</attalias><attrtype Sync="TRUE">Geometry</attrtype><attwidth Sync="TRUE">0</attwidth><atprecis Sync="TRUE">0</atprecis><attscale Sync="TRUE">0</attscale><attrdef Sync="TRUE">Feature geometry.</attrdef><attrdefs Sync="TRUE">ESRI</attrdefs><attrdomv><udom Sync="TRUE">Coordinates defining the features.</udom></attrdomv></attr><attr><attrlabl Sync="TRUE">Precincts</attrlabl><attalias Sync="TRUE">Precincts</attalias><attrtype Sync="TRUE">String</attrtype><attwidth Sync="TRUE">50</attwidth><atprecis Sync="TRUE">0</atprecis><attscale Sync="TRUE">0</attscale></attr><attr><attrlabl Sync="TRUE">Precinct_N</attrlabl><attalias Sync="TRUE">Precinct_N</attalias><attrtype Sync="TRUE">String</attrtype><attwidth Sync="TRUE">100</attwidth><atprecis Sync="TRUE">0</atprecis><attscale Sync="TRUE">0</attscale></attr><attr><attrlabl Sync="TRUE">Community</attrlabl><attalias Sync="TRUE">Community</attalias><attrtype Sync="TRUE">String</attrtype><attwidth Sync="TRUE">50</attwidth><atprecis Sync="TRUE">0</atprecis><attscale Sync="TRUE">0</attscale></attr><attr><attrlabl Sync="TRUE">Sq_Miles</attrlabl><attalias Sync="TRUE">Sq_Miles</attalias><attrtype Sync="TRUE">Double</attrtype><attwidth Sync="TRUE">8</attwidth><atprecis Sync="TRUE">0</atprecis><attscale Sync="TRUE">0</attscale></attr><attr><attrlabl Sync="TRUE">St_Sen_1</attrlabl><attalias Sync="TRUE">St_Sen_1</attalias><attrtype Sync="TRUE">SmallInteger</attrtype><attwidth Sync="TRUE">2</attwidth><atprecis Sync="TRUE">0</atprecis><attscale Sync="TRUE">0</attscale></attr><attr><attrlabl Sync="TRUE">St_Assm_3</attrlabl><attalias Sync="TRUE">St_Assm_3</attalias><attrtype Sync="TRUE">SmallInteger</attrtype><attwidth Sync="TRUE">2</attwidth><atprecis Sync="TRUE">0</atprecis><attscale Sync="TRUE">0</attscale></attr><attr><attrlabl Sync="TRUE">St_Cong_4</attrlabl><attalias Sync="TRUE">St_Cong_4</attalias><attrtype Sync="TRUE">SmallInteger</attrtype><attwidth Sync="TRUE">2</attwidth><atprecis Sync="TRUE">0</atprecis><attscale Sync="TRUE">0</attscale></attr><attr><attrlabl Sync="TRUE">BOE_2</attrlabl><attalias Sync="TRUE">BOE_2</attalias><attrtype Sync="TRUE">SmallInteger</attrtype><attwidth Sync="TRUE">2</attwidth><atprecis Sync="TRUE">0</atprecis><attscale Sync="TRUE">0</attscale></attr><attr><attrlabl Sync="TRUE">Portola</attrlabl><attalias Sync="TRUE">Portola</attalias><attrtype Sync="TRUE">SmallInteger</attrtype><attwidth Sync="TRUE">2</attwidth><atprecis Sync="TRUE">0</atprecis><attscale Sync="TRUE">0</attscale></attr><attr><attrlabl Sync="TRUE">Unincorp</attrlabl><attalias Sync="TRUE">Unincorp</attalias><attrtype Sync="TRUE">SmallInteger</attrtype><attwidth Sync="TRUE">2</attwidth><atprecis Sync="TRUE">0</atprecis><attscale Sync="TRUE">0</attscale></attr><attr><attrlabl Sync="TRUE">Sup_1</attrlabl><attalias Sync="TRUE">Sup_1</attalias><attrtype Sync="TRUE">SmallInteger</attrtype><attwidth Sync="TRUE">2</attwidth><atprecis Sync="TRUE">0</atprecis><attscale Sync="TRUE">0</attscale></attr><attr><attrlabl Sync="TRUE">Sup_2</attrlabl><attalias Sync="TRUE">Sup_2</attalias><attrtype Sync="TRUE">SmallInteger</attrtype><attwidth Sync="TRUE">2</attwidth><atprecis Sync="TRUE">0</atprecis><attscale Sync="TRUE">0</attscale></attr><attr><attrlabl Sync="TRUE">Sup_3</attrlabl><attalias Sync="TRUE">Sup_3</attalias><attrtype Sync="TRUE">SmallInteger</attrtype><attwidth Sync="TRUE">2</attwidth><atprecis Sync="TRUE">0</atprecis><attscale Sync="TRUE">0</attscale></attr><attr><attrlabl Sync="TRUE">Sup_4</attrlabl><attalias Sync="TRUE">Sup_4</attalias><attrtype Sync="TRUE">SmallInteger</attrtype><attwidth Sync="TRUE">2</attwidth><atprecis Sync="TRUE">0</atprecis><attscale Sync="TRUE">0</attscale></attr><attr><attrlabl Sync="TRUE">Sup_5</attrlabl><attalias Sync="TRUE">Sup_5</attalias><attrtype Sync="TRUE">SmallInteger</attrtype><attwidth Sync="TRUE">2</attwidth><atprecis Sync="TRUE">0</atprecis><attscale Sync="TRUE">0</attscale></attr><attr><attrlabl Sync="TRUE">_cand_4</attrlabl><attalias Sync="TRUE">_cand_4</attalias><attrtype Sync="TRUE">SmallInteger</attrtype><attwidth Sync="TRUE">2</attwidth><atprecis Sync="TRUE">0</atprecis><attscale Sync="TRUE">0</attscale></attr><attr><attrlabl Sync="TRUE">_cand_3</attrlabl><attalias Sync="TRUE">_cand_3</attalias><attrtype Sync="TRUE">SmallInteger</attrtype><attwidth Sync="TRUE">2</attwidth><atprecis Sync="TRUE">0</atprecis><attscale Sync="TRUE">0</attscale></attr><attr><attrlabl Sync="TRUE">_cand_2</attrlabl><attalias Sync="TRUE">_cand_2</attalias><attrtype Sync="TRUE">SmallInteger</attrtype><attwidth Sync="TRUE">2</attwidth><atprecis Sync="TRUE">0</atprecis><attscale Sync="TRUE">0</attscale></attr><attr><attrlabl Sync="TRUE">_cand_1_5</attrlabl><attalias Sync="TRUE">_cand_1_5</attalias><attrtype Sync="TRUE">SmallInteger</attrtype><attwidth Sync="TRUE">2</attwidth><atprecis Sync="TRUE">0</atprecis><attscale Sync="TRUE">0</attscale></attr><attr><attrlabl Sync="TRUE">_cand_34</attrlabl><attalias Sync="TRUE">_cand_34</attalias><attrtype Sync="TRUE">SmallInteger</attrtype><attwidth Sync="TRUE">2</attwidth><atprecis Sync="TRUE">0</atprecis><attscale Sync="TRUE">0</attscale></attr><attr><attrlabl Sync="TRUE">_cand_2_5</attrlabl><attalias Sync="TRUE">_cand_2_5</attalias><attrtype Sync="TRUE">SmallInteger</attrtype><attwidth Sync="TRUE">2</attwidth><atprecis Sync="TRUE">0</atprecis><attscale Sync="TRUE">0</attscale></attr><attr><attrlabl Sync="TRUE">_cand_1_4</attrlabl><attalias Sync="TRUE">_cand_1_4</attalias><attrtype Sync="TRUE">SmallInteger</attrtype><attwidth Sync="TRUE">2</attwidth><atprecis Sync="TRUE">0</atprecis><attscale Sync="TRUE">0</attscale></attr><attr><attrlabl Sync="TRUE">_cand_2_4</attrlabl><attalias Sync="TRUE">_cand_2_4</attalias><attrtype Sync="TRUE">SmallInteger</attrtype><attwidth Sync="TRUE">2</attwidth><atprecis Sync="TRUE">0</atprecis><attscale Sync="TRUE">0</attscale></attr><attr><attrlabl Sync="TRUE">_can1_3_5</attrlabl><attalias Sync="TRUE">_can1_3_5</attalias><attrtype Sync="TRUE">SmallInteger</attrtype><attwidth Sync="TRUE">2</attwidth><atprecis Sync="TRUE">0</atprecis><attscale Sync="TRUE">0</attscale></attr><attr><attrlabl Sync="TRUE">FRC</attrlabl><attalias Sync="TRUE">FRC</attalias><attrtype Sync="TRUE">SmallInteger</attrtype><attwidth Sync="TRUE">2</attwidth><atprecis Sync="TRUE">0</atprecis><attscale Sync="TRUE">0</attscale></attr><attr><attrlabl Sync="TRUE">PUSD</attrlabl><attalias Sync="TRUE">PUSD</attalias><attrtype Sync="TRUE">SmallInteger</attrtype><attwidth Sync="TRUE">2</attwidth><atprecis Sync="TRUE">0</atprecis><attscale Sync="TRUE">0</attscale></attr><attr><attrlabl Sync="TRUE">S_PUSD</attrlabl><attalias Sync="TRUE">S_PUSD</attalias><attrtype Sync="TRUE">SmallInteger</attrtype><attwidth Sync="TRUE">2</attwidth><atprecis Sync="TRUE">0</atprecis><attscale Sync="TRUE">0</attscale></attr><attr><attrlabl Sync="TRUE">BW_Fire</attrlabl><attalias Sync="TRUE">BW_Fire</attalias><attrtype Sync="TRUE">SmallInteger</attrtype><attwidth Sync="TRUE">2</attwidth><atprecis Sync="TRUE">0</atprecis><attscale Sync="TRUE">0</attscale></attr><attr><attrlabl Sync="TRUE">Chest_Fire</attrlabl><attalias Sync="TRUE">Chest_Fire</attalias><attrtype Sync="TRUE">SmallInteger</attrtype><attwidth Sync="TRUE">2</attwidth><atprecis Sync="TRUE">0</atprecis><attscale Sync="TRUE">0</attscale></attr><attr><attrlabl Sync="TRUE">Cresc_Fire</attrlabl><attalias Sync="TRUE">Cresc_Fire</attalias><attrtype Sync="TRUE">SmallInteger</attrtype><attwidth Sync="TRUE">2</attwidth><atprecis Sync="TRUE">0</atprecis><attscale Sync="TRUE">0</attscale></attr><attr><attrlabl Sync="TRUE">EPFPD</attrlabl><attalias Sync="TRUE">EPFPD</attalias><attrtype Sync="TRUE">SmallInteger</attrtype><attwidth Sync="TRUE">2</attwidth><atprecis Sync="TRUE">0</atprecis><attscale Sync="TRUE">0</attscale></attr><attr><attrlabl Sync="TRUE">GE_Fire</attrlabl><attalias Sync="TRUE">GE_Fire</attalias><attrtype Sync="TRUE">SmallInteger</attrtype><attwidth Sync="TRUE">2</attwidth><atprecis Sync="TRUE">0</atprecis><attscale Sync="TRUE">0</attscale></attr><attr><attrlabl Sync="TRUE">HB_Fire</attrlabl><attalias Sync="TRUE">HB_Fire</attalias><attrtype Sync="TRUE">SmallInteger</attrtype><attwidth Sync="TRUE">2</attwidth><atprecis Sync="TRUE">0</atprecis><attscale Sync="TRUE">0</attscale></attr><attr><attrlabl Sync="TRUE">LaPor_Fire</attrlabl><attalias Sync="TRUE">LaPor_Fire</attalias><attrtype Sync="TRUE">SmallInteger</attrtype><attwidth Sync="TRUE">2</attwidth><atprecis Sync="TRUE">0</atprecis><attscale Sync="TRUE">0</attscale></attr><attr><attrlabl Sync="TRUE">MV_Fire</attrlabl><attalias Sync="TRUE">MV_Fire</attalias><attrtype Sync="TRUE">SmallInteger</attrtype><attwidth Sync="TRUE">2</attwidth><atprecis Sync="TRUE">0</atprecis><attscale Sync="TRUE">0</attscale></attr><attr><attrlabl Sync="TRUE">Prat_FIre</attrlabl><attalias Sync="TRUE">Prat_FIre</attalias><attrtype Sync="TRUE">SmallInteger</attrtype><attwidth Sync="TRUE">2</attwidth><atprecis Sync="TRUE">0</atprecis><attscale Sync="TRUE">0</attscale></attr><attr><attrlabl Sync="TRUE">Qcy_Fire</attrlabl><attalias Sync="TRUE">Qcy_Fire</attalias><attrtype Sync="TRUE">SmallInteger</attrtype><attwidth Sync="TRUE">2</attwidth><atprecis Sync="TRUE">0</atprecis><attscale Sync="TRUE">0</attscale></attr><attr><attrlabl Sync="TRUE">SVFPD</attrlabl><attalias Sync="TRUE">SVFPD</attalias><attrtype Sync="TRUE">SmallInteger</attrtype><attwidth Sync="TRUE">2</attwidth><atprecis Sync="TRUE">0</atprecis><attscale Sync="TRUE">0</attscale></attr><attr><attrlabl Sync="TRUE">Ches_Cemet</attrlabl><attalias Sync="TRUE">Ches_Cemet</attalias><attrtype Sync="TRUE">SmallInteger</attrtype><attwidth Sync="TRUE">2</attwidth><atprecis Sync="TRUE">0</atprecis><attscale Sync="TRUE">0</attscale></attr><attr><attrlabl Sync="TRUE">CM_Cemet</attrlabl><attalias Sync="TRUE">CM_Cemet</attalias><attrtype Sync="TRUE">SmallInteger</attrtype><attwidth Sync="TRUE">2</attwidth><atprecis Sync="TRUE">0</atprecis><attscale Sync="TRUE">0</attscale></attr><attr><attrlabl Sync="TRUE">Crom_Cemet</attrlabl><attalias Sync="TRUE">Crom_Cemet</attalias><attrtype Sync="TRUE">SmallInteger</attrtype><attwidth Sync="TRUE">2</attwidth><atprecis Sync="TRUE">0</atprecis><attscale Sync="TRUE">0</attscale></attr><attr><attrlabl Sync="TRUE">Grnvl_Cemt</attrlabl><attalias Sync="TRUE">Grnvl_Cemt</attalias><attrtype Sync="TRUE">SmallInteger</attrtype><attwidth Sync="TRUE">2</attwidth><atprecis Sync="TRUE">0</atprecis><attscale Sync="TRUE">0</attscale></attr><attr><attrlabl Sync="TRUE">LaPort_Cem</attrlabl><attalias Sync="TRUE">LaPort_Cem</attalias><attrtype Sync="TRUE">SmallInteger</attrtype><attwidth Sync="TRUE">2</attwidth><atprecis Sync="TRUE">0</atprecis><attscale Sync="TRUE">0</attscale></attr><attr><attrlabl Sync="TRUE">MV_Cemet</attrlabl><attalias Sync="TRUE">MV_Cemet</attalias><attrtype Sync="TRUE">SmallInteger</attrtype><attwidth Sync="TRUE">2</attwidth><atprecis Sync="TRUE">0</atprecis><attscale Sync="TRUE">0</attscale></attr><attr><attrlabl Sync="TRUE">Mohaw_Cem</attrlabl><attalias Sync="TRUE">Mohaw_Cem</attalias><attrtype Sync="TRUE">SmallInteger</attrtype><attwidth Sync="TRUE">2</attwidth><atprecis Sync="TRUE">0</atprecis><attscale Sync="TRUE">0</attscale></attr><attr><attrlabl Sync="TRUE">Prta_Cemet</attrlabl><attalias Sync="TRUE">Prta_Cemet</attalias><attrtype Sync="TRUE">SmallInteger</attrtype><attwidth Sync="TRUE">2</attwidth><atprecis Sync="TRUE">0</atprecis><attscale Sync="TRUE">0</attscale></attr><attr><attrlabl Sync="TRUE">Qcy_Cemet</attrlabl><attalias Sync="TRUE">Qcy_Cemet</attalias><attrtype Sync="TRUE">SmallInteger</attrtype><attwidth Sync="TRUE">2</attwidth><atprecis Sync="TRUE">0</atprecis><attscale Sync="TRUE">0</attscale></attr><attr><attrlabl Sync="TRUE">Taylr_Cemt</attrlabl><attalias Sync="TRUE">Taylr_Cemt</attalias><attrtype Sync="TRUE">SmallInteger</attrtype><attwidth Sync="TRUE">2</attwidth><atprecis Sync="TRUE">0</atprecis><attscale Sync="TRUE">0</attscale></attr><attr><attrlabl Sync="TRUE">EPDH</attrlabl><attalias Sync="TRUE">EPDH</attalias><attrtype Sync="TRUE">SmallInteger</attrtype><attwidth Sync="TRUE">2</attwidth><atprecis Sync="TRUE">0</atprecis><attscale Sync="TRUE">0</attscale></attr><attr><attrlabl Sync="TRUE">IVHD</attrlabl><attalias Sync="TRUE">IVHD</attalias><attrtype Sync="TRUE">SmallInteger</attrtype><attwidth Sync="TRUE">2</attwidth><atprecis Sync="TRUE">0</atprecis><attscale Sync="TRUE">0</attscale></attr><attr><attrlabl Sync="TRUE">PDH</attrlabl><attalias Sync="TRUE">PDH</attalias><attrtype Sync="TRUE">SmallInteger</attrtype><attwidth Sync="TRUE">2</attwidth><atprecis Sync="TRUE">0</atprecis><attscale Sync="TRUE">0</attscale></attr><attr><attrlabl Sync="TRUE">SHD</attrlabl><attalias Sync="TRUE">SHD</attalias><attrtype Sync="TRUE">SmallInteger</attrtype><attwidth Sync="TRUE">2</attwidth><atprecis Sync="TRUE">0</atprecis><attscale Sync="TRUE">0</attscale></attr><attr><attrlabl Sync="TRUE">CM_Light</attrlabl><attalias Sync="TRUE">CM_Light</attalias><attrtype Sync="TRUE">SmallInteger</attrtype><attwidth Sync="TRUE">2</attwidth><atprecis Sync="TRUE">0</atprecis><attscale Sync="TRUE">0</attscale></attr><attr><attrlabl Sync="TRUE">Qcy_Light</attrlabl><attalias Sync="TRUE">Qcy_Light</attalias><attrtype Sync="TRUE">SmallInteger</attrtype><attwidth Sync="TRUE">2</attwidth><atprecis Sync="TRUE">0</atprecis><attscale Sync="TRUE">0</attscale></attr><attr><attrlabl Sync="TRUE">CPRD</attrlabl><attalias Sync="TRUE">CPRD</attalias><attrtype Sync="TRUE">SmallInteger</attrtype><attwidth Sync="TRUE">2</attwidth><atprecis Sync="TRUE">0</atprecis><attscale Sync="TRUE">0</attscale></attr><attr><attrlabl Sync="TRUE">IVRec</attrlabl><attalias Sync="TRUE">IVRec</attalias><attrtype Sync="TRUE">SmallInteger</attrtype><attwidth Sync="TRUE">2</attwidth><atprecis Sync="TRUE">0</atprecis><attscale Sync="TRUE">0</attscale></attr><attr><attrlabl Sync="TRUE">Alm_Rec</attrlabl><attalias Sync="TRUE">Alm_Rec</attalias><attrtype Sync="TRUE">SmallInteger</attrtype><attwidth Sync="TRUE">2</attwidth><atprecis Sync="TRUE">0</atprecis><attscale Sync="TRUE">0</attscale></attr><attr><attrlabl Sync="TRUE">EPRD</attrlabl><attalias Sync="TRUE">EPRD</attalias><attrtype Sync="TRUE">SmallInteger</attrtype><attwidth Sync="TRUE">2</attwidth><atprecis Sync="TRUE">0</atprecis><attscale Sync="TRUE">0</attscale></attr><attr><attrlabl Sync="TRUE">C_Rd_CSD</attrlabl><attalias Sync="TRUE">C_Rd_CSD</attalias><attrtype Sync="TRUE">SmallInteger</attrtype><attwidth Sync="TRUE">2</attwidth><atprecis Sync="TRUE">0</atprecis><attscale Sync="TRUE">0</attscale></attr><attr><attrlabl Sync="TRUE">Dixie_CSD</attrlabl><attalias Sync="TRUE">Dixie_CSD</attalias><attrtype Sync="TRUE">SmallInteger</attrtype><attwidth Sync="TRUE">2</attwidth><atprecis Sync="TRUE">0</atprecis><attscale Sync="TRUE">0</attscale></attr><attr><attrlabl Sync="TRUE">EQSD</attrlabl><attalias Sync="TRUE">EQSD</attalias><attrtype Sync="TRUE">SmallInteger</attrtype><attwidth Sync="TRUE">2</attwidth><atprecis Sync="TRUE">0</atprecis><attscale Sync="TRUE">0</attscale></attr><attr><attrlabl Sync="TRUE">FRCny_CSD</attrlabl><attalias Sync="TRUE">FRCny_CSD</attalias><attrtype Sync="TRUE">SmallInteger</attrtype><attwidth Sync="TRUE">2</attwidth><atprecis Sync="TRUE">0</atprecis><attscale Sync="TRUE">0</attscale></attr><attr><attrlabl Sync="TRUE">GE_CSD</attrlabl><attalias Sync="TRUE">GE_CSD</attalias><attrtype Sync="TRUE">SmallInteger</attrtype><attwidth Sync="TRUE">2</attwidth><atprecis Sync="TRUE">0</atprecis><attscale Sync="TRUE">0</attscale></attr><attr><attrlabl Sync="TRUE">Grnhrn_CSD</attrlabl><attalias Sync="TRUE">Grnhrn_CSD</attalias><attrtype Sync="TRUE">SmallInteger</attrtype><attwidth Sync="TRUE">2</attwidth><atprecis Sync="TRUE">0</atprecis><attscale Sync="TRUE">0</attscale></attr><attr><attrlabl Sync="TRUE">GM_CSD</attrlabl><attalias Sync="TRUE">GM_CSD</attalias><attrtype Sync="TRUE">SmallInteger</attrtype><attwidth Sync="TRUE">2</attwidth><atprecis Sync="TRUE">0</atprecis><attscale Sync="TRUE">0</attscale></attr><attr><attrlabl Sync="TRUE">HB_CSD</attrlabl><attalias Sync="TRUE">HB_CSD</attalias><attrtype Sync="TRUE">SmallInteger</attrtype><attwidth Sync="TRUE">2</attwidth><atprecis Sync="TRUE">0</atprecis><attscale Sync="TRUE">0</attscale></attr><attr><attrlabl Sync="TRUE">LngVly_CSD</attrlabl><attalias Sync="TRUE">LngVly_CSD</attalias><attrtype Sync="TRUE">SmallInteger</attrtype><attwidth Sync="TRUE">2</attwidth><atprecis Sync="TRUE">0</atprecis><attscale Sync="TRUE">0</attscale></attr><attr><attrlabl Sync="TRUE">Qcy_CSD</attrlabl><attalias Sync="TRUE">Qcy_CSD</attalias><attrtype Sync="TRUE">SmallInteger</attrtype><attwidth Sync="TRUE">2</attwidth><atprecis Sync="TRUE">0</atprecis><attscale Sync="TRUE">0</attscale></attr><attr><attrlabl Sync="TRUE">IV_CSD</attrlabl><attalias Sync="TRUE">IV_CSD</attalias><attrtype Sync="TRUE">SmallInteger</attrtype><attwidth Sync="TRUE">2</attwidth><atprecis Sync="TRUE">0</atprecis><attscale Sync="TRUE">0</attscale></attr><attr><attrlabl Sync="TRUE">W_Almr_CSD</attrlabl><attalias Sync="TRUE">W_Almr_CSD</attalias><attrtype Sync="TRUE">SmallInteger</attrtype><attwidth Sync="TRUE">2</attwidth><atprecis Sync="TRUE">0</atprecis><attscale Sync="TRUE">0</attscale></attr><attr><attrlabl Sync="TRUE">Plu_Eu_CSD</attrlabl><attalias Sync="TRUE">Plu_Eu_CSD</attalias><attrtype Sync="TRUE">SmallInteger</attrtype><attwidth Sync="TRUE">2</attwidth><atprecis Sync="TRUE">0</atprecis><attscale Sync="TRUE">0</attscale></attr><attr><attrlabl Sync="TRUE">WHR_CSD</attrlabl><attalias Sync="TRUE">WHR_CSD</attalias><attrtype Sync="TRUE">SmallInteger</attrtype><attwidth Sync="TRUE">2</attwidth><atprecis Sync="TRUE">0</atprecis><attscale Sync="TRUE">0</attscale></attr><attr><attrlabl Sync="TRUE">Walk_R_CSD</attrlabl><attalias Sync="TRUE">Walk_R_CSD</attalias><attrtype Sync="TRUE">SmallInteger</attrtype><attwidth Sync="TRUE">2</attwidth><atprecis Sync="TRUE">0</atprecis><attscale Sync="TRUE">0</attscale></attr><attr><attrlabl Sync="TRUE">GR_CSD</attrlabl><attalias Sync="TRUE">GR_CSD</attalias><attrtype Sync="TRUE">SmallInteger</attrtype><attwidth Sync="TRUE">2</attwidth><atprecis Sync="TRUE">0</atprecis><attscale Sync="TRUE">0</attscale></attr><attr><attrlabl Sync="TRUE">LACC_CSA</attrlabl><attalias Sync="TRUE">LACC_CSA</attalias><attrtype Sync="TRUE">SmallInteger</attrtype><attwidth Sync="TRUE">2</attwidth><atprecis Sync="TRUE">0</atprecis><attscale Sync="TRUE">0</attscale></attr><attr><attrlabl Sync="TRUE">HB_CSA</attrlabl><attalias Sync="TRUE">HB_CSA</attalias><attrtype Sync="TRUE">SmallInteger</attrtype><attwidth Sync="TRUE">2</attwidth><atprecis Sync="TRUE">0</atprecis><attscale Sync="TRUE">0</attscale></attr><attr><attrlabl Sync="TRUE">Genes_CSA</attrlabl><attalias Sync="TRUE">Genes_CSA</attalias><attrtype Sync="TRUE">SmallInteger</attrtype><attwidth Sync="TRUE">2</attwidth><atprecis Sync="TRUE">0</atprecis><attscale Sync="TRUE">0</attscale></attr><attr><attrlabl Sync="TRUE">Wn_Vly_CSA</attrlabl><attalias Sync="TRUE">Wn_Vly_CSA</attalias><attrtype Sync="TRUE">SmallInteger</attrtype><attwidth Sync="TRUE">2</attwidth><atprecis Sync="TRUE">0</atprecis><attscale Sync="TRUE">0</attscale></attr><attr><attrlabl Sync="TRUE">BigMdw_CSA</attrlabl><attalias Sync="TRUE">BigMdw_CSA</attalias><attrtype Sync="TRUE">SmallInteger</attrtype><attwidth Sync="TRUE">2</attwidth><atprecis Sync="TRUE">0</atprecis><attscale Sync="TRUE">0</attscale></attr><attr><attrlabl Sync="TRUE">Ambu_CSA</attrlabl><attalias Sync="TRUE">Ambu_CSA</attalias><attrtype Sync="TRUE">SmallInteger</attrtype><attwidth Sync="TRUE">2</attwidth><atprecis Sync="TRUE">0</atprecis><attscale Sync="TRUE">0</attscale></attr><attr><attrlabl Sync="TRUE">Chstr_PUD</attrlabl><attalias Sync="TRUE">Chstr_PUD</attalias><attrtype Sync="TRUE">SmallInteger</attrtype><attwidth Sync="TRUE">2</attwidth><atprecis Sync="TRUE">0</atprecis><attscale Sync="TRUE">0</attscale></attr><attr><attrlabl Sync="TRUE">Cstr_PUD_A</attrlabl><attalias Sync="TRUE">Cstr_PUD_A</attalias><attrtype Sync="TRUE">SmallInteger</attrtype><attwidth Sync="TRUE">2</attwidth><atprecis Sync="TRUE">0</atprecis><attscale Sync="TRUE">0</attscale></attr><attr><attrlabl Sync="TRUE">Clio_PUD</attrlabl><attalias Sync="TRUE">Clio_PUD</attalias><attrtype Sync="TRUE">SmallInteger</attrtype><attwidth Sync="TRUE">2</attwidth><atprecis Sync="TRUE">0</atprecis><attscale Sync="TRUE">0</attscale></attr><attr><attrlabl Sync="TRUE">Johns_PUD</attrlabl><attalias Sync="TRUE">Johns_PUD</attalias><attrtype Sync="TRUE">SmallInteger</attrtype><attwidth Sync="TRUE">2</attwidth><atprecis Sync="TRUE">0</atprecis><attscale Sync="TRUE">0</attscale></attr><attr><attrlabl Sync="TRUE">Crock_Imp</attrlabl><attalias Sync="TRUE">Crock_Imp</attalias><attrtype Sync="TRUE">SmallInteger</attrtype><attwidth Sync="TRUE">2</attwidth><atprecis Sync="TRUE">0</atprecis><attscale Sync="TRUE">0</attscale></attr><attr><attrlabl Sync="TRUE">Grz_Lk_Imp</attrlabl><attalias Sync="TRUE">Grz_Lk_Imp</attalias><attrtype Sync="TRUE">SmallInteger</attrtype><attwidth Sync="TRUE">2</attwidth><atprecis Sync="TRUE">0</atprecis><attscale Sync="TRUE">0</attscale></attr><attr><attrlabl Sync="TRUE">Lst_Ch_Wtr</attrlabl><attalias Sync="TRUE">Lst_Ch_Wtr</attalias><attrtype Sync="TRUE">SmallInteger</attrtype><attwidth Sync="TRUE">2</attwidth><atprecis Sync="TRUE">0</atprecis><attscale Sync="TRUE">0</attscale></attr><attr><attrlabl Sync="TRUE">Pen_Fire</attrlabl><attalias Sync="TRUE">Pen_Fire</attalias><attrtype Sync="TRUE">SmallInteger</attrtype><attwidth Sync="TRUE">2</attwidth><atprecis Sync="TRUE">0</atprecis><attscale Sync="TRUE">0</attscale></attr><attr><attrlabl Sync="TRUE">BW_CSA</attrlabl><attalias Sync="TRUE">BW_CSA</attalias><attrtype Sync="TRUE">SmallInteger</attrtype><attwidth Sync="TRUE">2</attwidth><atprecis Sync="TRUE">0</atprecis><attscale Sync="TRUE">0</attscale></attr><attr><attrlabl Sync="TRUE">Shape_Length</attrlabl><attalias Sync="TRUE">Shape_Length</attalias><attrtype Sync="TRUE">Double</attrtype><attwidth Sync="TRUE">8</attwidth><atprecis Sync="TRUE">0</atprecis><attscale Sync="TRUE">0</attscale><attrdef Sync="TRUE">Length of feature in internal units.</attrdef><attrdefs Sync="TRUE">ESRI</attrdefs><attrdomv><udom Sync="TRUE">Positive real numbers that are automatically generated.</udom></attrdomv></attr><attr><attrlabl Sync="TRUE">SHAPE_Area</attrlabl><attalias Sync="TRUE">Shape_Area</attalias><attrtype Sync="TRUE">Double</attrtype><attwidth Sync="TRUE">8</attwidth><attrdef Sync="TRUE">Area of feature in internal units squared.</attrdef><attrdefs Sync="TRUE">ESRI</attrdefs><attrdomv><udom Sync="TRUE">Positive real numbers that are automatically generated.</udom></attrdomv><atprecis Sync="TRUE">0</atprecis><attscale Sync="TRUE">0</attscale></attr><attr><attrlabl Sync="TRUE">FRC_Trustee</attrlabl><attalias Sync="TRUE">FRC_Trustee</attalias><attrtype Sync="TRUE">SmallInteger</attrtype><attwidth Sync="TRUE">2</attwidth><atprecis Sync="TRUE">0</atprecis><attscale Sync="TRUE">0</attscale></attr></detailed></eainfo><mdDateSt Sync="TRUE">20130710</mdDateSt></metadata>
