pct16,reg,ballots,turnout,prop63_yes,prop63_no,prop64_yes,prop64_no,prop65_yes,prop65_no,prop66_yes,prop66_no,prop67_yes,prop67_no
097-1001,244,0,0.0,0,0,0,0,0,0,0,0,0,0
097-1001,244,219,89.8,139,70,109,108,70,138,73,121,159,54
097-1002,25,0,0.0,0,0,0,0,0,0,0,0,0,0
097-1002,25,22,88.0,16,5,15,7,8,14,8,13,20,2
097-1006,4,0,0.0,0,0,0,0,0,0,0,0,0,0
097-1006,4,2,50.0,0,2,2,0,0,2,2,0,2,0
097-1008,160,0,0.0,0,0,0,0,0,0,0,0,0,0
097-1008,160,145,90.6,92,48,91,51,60,82,58,79,111,28
097-1009,146,0,0.0,0,0,0,0,0,0,0,0,0,0
097-1009,146,129,88.4,61,62,67,58,59,63,46,65,86,39
097-1010,237,0,0.0,0,0,0,0,0,0,0,0,0,0
097-1010,237,207,87.3,96,105,95,107,96,105,93,100,116,87
097-1012,20,0,0.0,0,0,0,0,0,0,0,0,0,0
097-1012,20,16,80.0,13,3,12,4,6,10,5,10,11,4
097-1017,779,229,29.4,131,85,128,94,74,140,85,120,161,57
097-1017,779,482,61.9,335,121,309,157,220,233,187,243,346,106
097-1023,1422,323,22.7,198,101,184,131,146,153,127,159,195,101
097-1023,1422,930,65.4,650,253,603,308,453,435,427,428,625,269
097-1032,170,0,0.0,0,0,0,0,0,0,0,0,0,0
097-1032,170,157,92.4,100,45,86,63,77,71,73,69,97,48
097-1033,78,0,0.0,0,0,0,0,0,0,0,0,0,0
097-1033,78,71,91.0,39,28,34,35,31,35,31,35,48,20
097-1038,30,0,0.0,0,0,0,0,0,0,0,0,0,0
097-1038,30,26,86.7,17,8,17,9,13,11,15,9,20,5
097-1039,1,0,0.0,0,0,0,0,0,0,0,0,0,0
097-1039,1,1,100.0,0,1,0,1,0,1,1,0,0,1
097-1040,61,0,0.0,0,0,0,0,0,0,0,0,0,0
097-1040,61,55,90.2,35,20,33,20,13,40,22,31,23,29
097-1041,11,0,0.0,0,0,0,0,0,0,0,0,0,0
097-1041,11,8,72.7,6,2,7,1,3,5,1,7,7,1
097-1043,15,0,0.0,0,0,0,0,0,0,0,0,0,0
097-1043,15,11,73.3,6,4,6,5,8,3,6,2,8,1
097-1044,0,0,n/a,0,0,0,0,0,0,0,0,0,0
097-1044,0,0,n/a,0,0,0,0,0,0,0,0,0,0
097-1045,47,0,0.0,0,0,0,0,0,0,0,0,0,0
097-1045,47,39,83.0,26,9,27,12,24,13,19,17,24,13
097-1046,1,0,0.0,0,0,0,0,0,0,0,0,0,0
097-1046,1,1,100.0,1,0,0,1,0,1,0,1,1,0
097-1049,87,0,0.0,0,0,0,0,0,0,0,0,0,0
097-1049,87,82,94.3,61,20,63,18,32,50,31,48,64,18
097-1052,110,0,0.0,0,0,0,0,0,0,0,0,0,0
097-1052,110,100,90.9,73,27,66,33,53,44,41,48,71,27
097-1053,174,0,0.0,0,0,0,0,0,0,0,0,0,0
097-1053,174,162,93.1,99,57,82,72,73,84,67,85,126,31
097-1054,20,0,0.0,0,0,0,0,0,0,0,0,0,0
097-1054,20,19,95.0,14,3,14,4,7,9,9,9,13,4
097-1055,203,0,0.0,0,0,0,0,0,0,0,0,0,0
097-1055,203,185,91.1,92,80,109,72,78,92,73,82,118,51
097-1056,265,0,0.0,0,0,0,0,0,0,0,0,0,0
097-1056,265,241,90.9,148,81,135,98,101,129,96,113,162,72
097-1057,28,0,0.0,0,0,0,0,0,0,0,0,0,0
097-1057,28,25,89.3,11,13,9,19,8,19,11,13,12,15
097-1058,7,0,0.0,0,0,0,0,0,0,0,0,0,0
097-1058,7,7,100.0,5,1,6,1,4,3,2,4,5,2
097-1059,0,0,n/a,0,0,0,0,0,0,0,0,0,0
097-1059,0,0,n/a,0,0,0,0,0,0,0,0,0,0
097-1061,34,0,0.0,0,0,0,0,0,0,0,0,0,0
097-1061,34,29,85.3,17,10,20,9,16,13,10,17,15,12
097-1062,23,0,0.0,0,0,0,0,0,0,0,0,0,0
097-1062,23,22,95.7,18,4,18,4,5,15,6,14,20,2
097-1063,66,0,0.0,0,0,0,0,0,0,0,0,0,0
097-1063,66,58,87.9,40,16,34,23,23,32,18,31,40,16
097-1064,66,0,0.0,0,0,0,0,0,0,0,0,0,0
097-1064,66,56,84.8,25,29,31,26,23,32,29,23,35,22
097-1065,61,0,0.0,0,0,0,0,0,0,0,0,0,0
097-1065,61,54,88.5,33,20,27,27,15,39,21,30,34,21
097-1067,45,0,0.0,0,0,0,0,0,0,0,0,0,0
097-1067,45,43,95.6,26,17,30,13,22,21,20,20,36,7
097-1069,9,0,0.0,0,0,0,0,0,0,0,0,0,0
097-1069,9,11,122.2,7,4,6,5,5,5,2,8,7,4
097-1070,18,0,0.0,0,0,0,0,0,0,0,0,0,0
097-1070,18,16,88.9,5,9,9,7,7,8,6,8,9,6
097-1073,9,0,0.0,0,0,0,0,0,0,0,0,0,0
097-1073,9,7,77.8,6,0,7,0,4,2,2,3,4,2
097-1075,107,0,0.0,0,0,0,0,0,0,0,0,0,0
097-1075,107,102,95.3,69,29,52,48,41,54,35,55,72,26
097-1077,401,103,25.7,65,36,47,54,42,58,40,55,66,31
097-1077,401,264,65.8,186,69,167,94,110,146,101,135,192,67
097-1078,29,0,0.0,0,0,0,0,0,0,0,0,0,0
097-1078,29,28,96.6,17,11,16,12,17,11,13,14,19,9
097-1079,1,0,0.0,0,0,0,0,0,0,0,0,0,0
097-1079,1,1,100.0,0,1,0,1,0,1,0,1,0,1
097-1080,135,0,0.0,0,0,0,0,0,0,0,0,0,0
097-1080,135,114,84.4,68,42,67,44,45,66,52,51,74,38
097-1083,0,0,n/a,0,0,0,0,0,0,0,0,0,0
097-1083,0,0,n/a,0,0,0,0,0,0,0,0,0,0
097-1084,3,0,0.0,0,0,0,0,0,0,0,0,0,0
097-1084,3,2,66.7,2,0,2,0,1,1,0,2,2,0
097-1085,21,0,0.0,0,0,0,0,0,0,0,0,0,0
097-1085,21,18,85.7,6,11,9,8,4,11,7,8,9,7
097-1086,32,0,0.0,0,0,0,0,0,0,0,0,0,0
097-1086,32,30,93.8,18,12,20,9,14,14,12,14,20,7
097-1103,1919,378,19.7,214,145,199,174,164,192,140,194,226,138
097-1103,1919,1286,67.0,806,424,709,542,545,678,470,699,848,391
097-1106,1025,231,22.5,148,71,128,99,84,135,82,128,155,63
097-1106,1025,663,64.7,400,241,366,286,253,383,269,339,450,189
097-1107,1862,391,21.0,240,134,215,161,177,191,150,192,238,131
097-1107,1862,1235,66.3,802,378,713,484,563,608,448,659,829,346
097-1108,1499,362,24.1,229,113,188,168,141,201,135,198,234,114
097-1108,1499,950,63.4,599,303,520,400,391,503,368,477,624,280
097-1110,1680,382,22.7,246,117,203,173,132,223,135,194,230,128
097-1110,1680,1144,68.1,695,404,562,548,433,653,451,596,762,337
097-1111,2101,383,18.2,212,149,205,164,163,191,165,169,239,118
097-1111,2101,1467,69.8,885,504,773,652,611,775,574,741,932,464
097-1112,1715,301,17.6,184,94,171,116,139,140,98,157,175,108
097-1112,1715,1164,67.9,793,315,663,473,554,550,434,623,778,339
097-1114,152,0,0.0,0,0,0,0,0,0,0,0,0,0
097-1114,152,139,91.4,87,51,75,64,58,80,56,77,89,49
097-1115,210,0,0.0,0,0,0,0,0,0,0,0,0,0
097-1115,210,182,86.7,119,54,94,85,82,86,75,89,119,61
097-1116,2023,486,24.0,256,205,254,219,224,239,190,253,302,161
097-1116,2023,1234,61.0,722,440,717,477,584,576,489,610,784,395
097-1121,1830,390,21.3,245,123,184,196,152,217,140,214,243,123
097-1121,1830,1278,69.8,800,419,687,556,554,656,528,617,816,417
097-1122,792,97,12.2,59,36,45,51,27,65,34,57,58,33
097-1122,792,651,82.2,475,142,332,299,215,399,204,400,444,178
097-1124,1530,190,12.4,120,58,86,94,58,117,70,102,122,57
097-1124,1530,1207,78.9,816,328,591,577,426,715,397,701,851,296
097-1128,1227,256,20.9,154,96,102,146,98,147,105,128,168,80
097-1128,1227,835,68.1,507,293,418,392,362,439,371,385,558,244
097-1129,12,0,0.0,0,0,0,0,0,0,0,0,0,0
097-1129,12,10,83.3,7,2,8,2,6,3,1,6,9,0
097-1136,2453,499,20.3,303,165,307,185,194,278,191,246,321,152
097-1136,2453,1631,66.5,1105,462,930,650,714,832,611,853,1102,460
097-1144,6,0,0.0,0,0,0,0,0,0,0,0,0,0
097-1144,6,6,100.0,2,4,2,4,1,5,2,4,6,0
097-1145,891,178,20.0,107,62,86,90,71,96,59,99,118,51
097-1145,891,618,69.4,374,219,345,255,248,337,228,342,411,186
097-1146,396,58,14.6,36,18,22,33,19,36,29,23,30,25
097-1146,396,297,75.0,189,97,147,147,101,189,121,160,155,135
097-1147,70,0,0.0,0,0,0,0,0,0,0,0,0,0
097-1147,70,59,84.3,24,33,20,39,17,35,24,33,27,31
097-1802,1669,350,21.0,230,94,189,150,134,187,118,188,221,105
097-1802,1669,1202,72.0,874,278,741,438,511,631,471,597,778,375
097-1811,124,0,0.0,0,0,0,0,0,0,0,0,0,0
097-1811,124,110,88.7,76,28,72,37,44,57,50,50,58,44
097-1812,0,0,n/a,0,0,0,0,0,0,0,0,0,0
097-1812,0,0,n/a,0,0,0,0,0,0,0,0,0,0
097-1814,2,0,0.0,0,0,0,0,0,0,0,0,0,0
097-1814,2,0,0.0,0,0,0,0,0,0,0,0,0,0
097-2016,169,0,0.0,0,0,0,0,0,0,0,0,0,0
097-2016,169,159,94.1,111,42,102,55,61,94,44,101,118,35
097-2020,222,0,0.0,0,0,0,0,0,0,0,0,0,0
097-2020,222,207,93.2,109,85,130,70,67,125,71,109,143,55
097-2022,143,0,0.0,0,0,0,0,0,0,0,0,0,0
097-2022,143,111,77.6,60,45,74,32,64,43,47,59,71,37
097-2024,229,0,0.0,0,0,0,0,0,0,0,0,0,0
097-2024,229,184,80.3,98,78,106,71,81,90,61,106,127,51
097-2026,8,0,0.0,0,0,0,0,0,0,0,0,0,0
097-2026,8,5,62.5,5,0,6,2,4,4,6,2,6,2
097-2027,6,0,0.0,0,0,0,0,0,0,0,0,0,0
097-2027,6,9,150.0,6,3,4,2,0,5,0,6,4,1
097-2028,15,0,0.0,0,0,0,0,0,0,0,0,0,0
097-2028,15,11,73.3,7,4,6,5,8,3,6,5,7,4
097-2029,6,0,0.0,0,0,0,0,0,0,0,0,0,0
097-2029,6,6,100.0,3,3,3,3,5,1,5,1,3,3
097-2032,11,0,0.0,0,0,0,0,0,0,0,0,0,0
097-2032,11,9,81.8,8,1,8,1,3,5,2,6,8,0
097-2034,11,0,0.0,0,0,0,0,0,0,0,0,0,0
097-2034,11,7,63.6,4,3,7,0,2,5,3,4,1,6
097-2036,19,0,0.0,0,0,0,0,0,0,0,0,0,0
097-2036,19,14,73.7,7,6,9,3,1,13,1,10,7,4
097-2037,0,0,n/a,0,0,0,0,0,0,0,0,0,0
097-2037,0,0,n/a,0,0,0,0,0,0,0,0,0,0
097-2038,16,0,0.0,0,0,0,0,0,0,0,0,0,0
097-2038,16,13,81.3,7,6,9,6,6,9,8,6,13,2
097-2039,10,0,0.0,0,0,0,0,0,0,0,0,0,0
097-2039,10,10,100.0,6,4,8,2,7,3,5,5,7,3
097-2041,12,0,0.0,0,0,0,0,0,0,0,0,0,0
097-2041,12,12,100.0,3,9,5,7,6,6,6,4,7,5
097-2042,18,0,0.0,0,0,0,0,0,0,0,0,0,0
097-2042,18,17,94.4,10,6,7,9,9,6,4,11,15,1
097-2301,1985,557,28.1,358,169,353,186,225,297,192,294,365,166
097-2301,1985,1180,59.4,710,429,732,429,498,637,459,619,771,362
097-2502,1939,462,23.8,319,128,294,158,175,261,126,280,332,106
097-2502,1939,1285,66.3,915,337,848,415,491,745,414,756,940,303
097-2503,968,270,27.9,180,68,171,91,109,145,62,175,199,60
097-2503,968,596,61.6,450,119,444,138,255,305,178,357,464,107
097-2504,1991,561,28.2,410,132,379,164,218,307,143,352,437,96
097-2504,1991,1232,61.9,912,268,911,297,504,665,337,754,948,232
097-2508,1283,313,24.4,218,78,195,109,117,176,109,167,196,102
097-2508,1283,849,66.2,594,221,533,296,336,480,335,439,574,246
097-2509,1543,332,21.5,211,108,189,142,123,202,112,197,213,111
097-2509,1543,1049,68.0,692,315,609,422,409,593,419,540,679,319
097-2514,2309,496,21.5,275,182,260,220,208,248,205,224,285,172
097-2514,2309,1536,66.5,977,493,906,601,664,795,674,724,943,530
097-2515,867,206,23.8,113,78,117,85,94,101,90,91,122,76
097-2515,867,545,62.9,344,183,326,212,265,255,227,286,369,155
097-2519,2252,502,22.3,284,190,259,231,195,281,200,253,284,201
097-2519,2252,1475,65.5,917,506,817,622,618,793,607,728,918,505
097-2520,2133,541,25.4,316,185,306,220,225,283,206,278,324,191
097-2520,2133,1332,62.4,751,515,760,528,570,688,549,658,783,488
097-2523,1817,437,24.1,278,135,264,161,184,229,163,223,265,153
097-2523,1817,1130,62.2,701,379,706,396,513,569,460,554,688,391
097-2530,1879,402,21.4,253,124,220,167,164,209,176,185,223,150
097-2530,1879,1254,66.7,802,409,711,526,565,641,534,615,770,435
097-2531,1496,322,21.5,198,102,177,133,135,163,133,147,187,112
097-2531,1496,1025,68.5,648,337,596,407,453,518,465,458,654,327
097-2536,781,170,21.8,92,68,82,84,73,84,70,76,96,65
097-2536,781,526,67.3,350,147,333,186,234,260,203,274,334,167
097-2540,2483,629,25.3,381,208,317,292,261,318,262,297,368,217
097-2540,2483,1523,61.3,1020,442,887,597,658,796,657,713,956,514
097-2601,2131,542,25.4,294,202,284,241,242,255,234,231,299,202
097-2601,2131,1269,59.5,738,458,751,472,581,604,555,571,763,427
097-2602,1211,294,24.3,158,107,195,86,147,124,129,123,155,119
097-2602,1211,660,54.5,410,215,420,220,375,250,325,277,405,226
097-2604,7,0,0.0,0,0,0,0,0,0,0,0,0,0
097-2604,7,4,57.1,3,0,3,0,3,0,0,1,3,0
097-2606,1942,512,26.4,285,182,305,194,250,225,219,224,286,194
097-2606,1942,1140,58.7,659,418,690,418,475,593,515,511,667,403
097-3001,9,0,0.0,0,0,0,0,0,0,0,0,0,0
097-3001,9,7,77.8,6,1,6,1,4,2,4,2,6,1
097-3002,9,0,0.0,0,0,0,0,0,0,0,0,0,0
097-3002,9,9,100.0,8,1,6,2,3,4,4,3,4,3
097-3003,43,0,0.0,0,0,0,0,0,0,0,0,0,0
097-3003,43,29,67.4,14,14,17,10,17,10,13,14,11,17
097-3005,301,67,22.3,37,22,36,29,28,31,27,29,37,23
097-3005,301,168,55.8,105,55,105,61,85,80,67,90,109,56
097-3006,26,0,0.0,0,0,0,0,0,0,0,0,0,0
097-3006,26,21,80.8,11,8,10,11,3,14,6,11,12,6
097-3011,987,184,18.6,100,72,102,79,89,82,77,80,91,82
097-3011,987,566,57.3,345,185,332,212,313,223,232,286,325,210
097-3016,323,0,0.0,0,0,0,0,0,0,0,0,0,0
097-3016,323,181,56.0,131,34,132,43,120,43,66,80,128,42
097-3017,71,0,0.0,0,0,0,0,0,0,0,0,0,0
097-3017,71,56,78.9,21,31,32,24,20,31,22,27,27,26
097-3020,110,0,0.0,0,0,0,0,0,0,0,0,0,0
097-3020,110,91,82.7,55,30,51,36,32,50,24,52,62,21
097-3021,88,0,0.0,0,0,0,0,0,0,0,0,0,0
097-3021,88,62,70.5,31,20,44,17,34,23,23,29,26,29
097-3024,32,0,0.0,0,0,0,0,0,0,0,0,0,0
097-3024,32,27,84.4,12,15,13,14,13,13,10,16,12,15
097-3025,5,0,0.0,0,0,0,0,0,0,0,0,0,0
097-3025,5,5,100.0,4,1,3,2,3,2,2,3,4,1
097-3103,2536,415,16.4,242,144,218,184,166,220,168,210,274,119
097-3103,2536,1747,68.9,1151,521,978,717,765,878,662,898,1192,455
097-3108,1577,356,22.6,228,101,203,140,189,145,160,147,210,129
097-3108,1577,856,54.3,570,227,525,299,468,331,346,405,576,231
097-3109,858,217,25.3,118,85,114,95,87,114,84,115,148,62
097-3109,858,534,62.2,357,163,357,168,245,265,183,303,398,121
097-3112,1623,397,24.5,234,139,225,164,166,206,131,226,265,113
097-3112,1623,992,61.1,632,294,617,350,452,481,372,527,676,259
097-3113,1732,385,22.2,229,138,209,171,189,184,154,203,225,149
097-3113,1732,992,57.3,642,295,577,385,504,429,375,513,650,294
097-3116,890,259,29.1,168,73,158,88,113,122,77,144,182,57
097-3116,890,480,53.9,350,111,331,134,248,203,145,279,360,99
097-3120,1804,427,23.7,301,108,254,162,198,206,131,242,320,89
097-3120,1804,1114,61.8,763,314,678,413,530,523,339,653,806,262
097-3123,1613,387,24.0,231,122,255,118,178,175,118,207,260,100
097-3123,1613,846,52.4,582,193,573,237,432,349,284,466,594,200
097-3124,1620,418,25.8,279,115,261,148,167,231,117,251,310,88
097-3124,1620,947,58.5,704,209,637,284,433,475,287,572,719,206
097-3128,2084,530,25.4,343,156,321,202,210,286,159,310,383,117
097-3128,2084,1304,62.6,895,372,771,507,499,747,402,803,947,318
097-3135,1877,408,21.7,241,145,233,167,210,181,164,201,239,149
097-3135,1877,1070,57.0,665,347,624,404,558,455,461,506,688,325
097-3136,985,223,22.6,132,77,129,83,124,84,89,107,124,82
097-3136,985,523,53.1,344,163,314,202,288,209,247,236,330,174
097-3142,1832,428,23.4,240,163,234,185,191,209,171,212,246,152
097-3142,1832,1073,58.6,620,381,624,420,519,487,447,503,631,375
097-3601,1833,446,24.3,259,146,282,152,229,185,193,196,246,166
097-3601,1833,999,54.5,675,262,621,351,542,393,447,457,646,307
097-3602,2195,556,25.3,301,222,307,240,240,277,253,251,326,201
097-3602,2195,1265,57.6,734,462,783,459,599,608,573,577,716,479
097-3603,2012,565,28.1,298,232,347,201,259,263,245,261,329,199
097-3603,2012,1103,54.8,614,438,689,396,509,545,491,524,661,409
097-3605,937,256,27.3,149,88,161,89,129,113,110,124,155,89
097-3605,937,518,55.3,274,204,305,196,224,259,195,277,310,181
097-3609,2041,436,21.4,235,169,254,174,209,202,183,196,263,144
097-3609,2041,1309,64.1,829,414,744,529,609,634,566,598,812,435
097-3611,1794,377,21.0,212,139,208,155,177,174,163,170,215,144
097-3611,1794,1119,62.4,626,440,648,437,494,567,509,517,645,420
097-3614,1714,351,20.5,201,122,197,142,141,178,147,155,186,137
097-3614,1714,1132,66.0,681,393,622,490,481,599,451,577,676,416
097-3616,1736,430,24.8,228,173,238,178,207,191,191,185,229,174
097-3616,1736,1088,62.7,633,409,649,417,502,540,487,499,641,407
097-3618,1794,400,22.3,206,160,212,178,166,210,154,198,204,171
097-3618,1794,1136,63.3,651,441,642,473,504,590,524,528,649,457
097-3621,1,0,0.0,0,0,0,0,0,0,0,0,0,0
097-3621,1,0,0.0,0,0,0,0,0,0,0,0,0,0
097-3622,0,0,n/a,0,0,0,0,0,0,0,0,0,0
097-3622,0,0,n/a,0,0,0,0,0,0,0,0,0,0
097-4009,199,0,0.0,0,0,0,0,0,0,0,0,0,0
097-4009,199,173,86.9,108,56,99,68,59,105,60,97,112,55
097-4012,14,0,0.0,0,0,0,0,0,0,0,0,0,0
097-4012,14,12,85.7,5,6,7,5,4,6,5,4,4,6
097-4015,275,0,0.0,0,0,0,0,0,0,0,0,0,0
097-4015,275,211,76.7,134,68,128,78,119,83,85,107,131,75
097-4017,76,0,0.0,0,0,0,0,0,0,0,0,0,0
097-4017,76,66,86.8,32,30,42,24,26,38,31,32,37,26
097-4018,15,0,0.0,0,0,0,0,0,0,0,0,0,0
097-4018,15,15,100.0,6,6,4,9,5,8,8,5,7,6
097-4019,5,0,0.0,0,0,0,0,0,0,0,0,0,0
097-4019,5,4,80.0,2,1,4,1,4,0,4,0,4,0
097-4020,0,0,n/a,0,0,0,0,0,0,0,0,0,0
097-4020,0,0,n/a,0,0,0,0,0,0,0,0,0,0
097-4027,146,0,0.0,0,0,0,0,0,0,0,0,0,0
097-4027,146,122,83.6,56,61,59,59,65,52,50,54,73,42
097-4030,2,0,0.0,0,0,0,0,0,0,0,0,0,0
097-4030,2,2,100.0,2,0,2,0,2,0,1,1,2,0
097-4034,174,0,0.0,0,0,0,0,0,0,0,0,0,0
097-4034,174,155,89.1,72,74,80,74,59,89,57,86,82,68
097-4037,72,0,0.0,0,0,0,0,0,0,0,0,0,0
097-4037,72,69,95.8,29,36,32,36,13,49,23,40,47,15
097-4039,28,0,0.0,0,0,0,0,0,0,0,0,0,0
097-4039,28,27,96.4,9,17,11,16,7,19,12,10,15,11
097-4051,253,0,0.0,0,0,0,0,0,0,0,0,0,0
097-4051,253,202,79.8,137,62,133,65,105,92,63,118,128,67
097-4052,20,0,0.0,0,0,0,0,0,0,0,0,0,0
097-4052,20,21,105.0,11,9,8,10,9,11,12,8,15,5
097-4054,1,0,0.0,0,0,0,0,0,0,0,0,0,0
097-4054,1,1,100.0,0,1,0,1,0,1,1,0,0,1
097-4064,62,0,0.0,0,0,0,0,0,0,0,0,0,0
097-4064,62,53,85.5,25,26,37,17,20,33,25,22,31,23
097-4065,6,0,0.0,0,0,0,0,0,0,0,0,0,0
097-4065,6,6,100.0,3,2,4,2,5,1,3,3,5,1
097-4066,9,0,0.0,0,0,0,0,0,0,0,0,0,0
097-4066,9,5,55.6,4,1,4,1,5,0,0,5,3,2
097-4067,70,0,0.0,0,0,0,0,0,0,0,0,0,0
097-4067,70,61,87.1,28,31,35,24,19,39,17,38,26,32
097-4070,4,0,0.0,0,0,0,0,0,0,0,0,0,0
097-4070,4,4,100.0,1,2,3,0,1,2,2,1,1,2
097-4072,4,0,0.0,0,0,0,0,0,0,0,0,0,0
097-4072,4,4,100.0,2,2,2,2,4,0,2,2,2,2
097-4073,0,0,n/a,0,0,0,0,0,0,0,0,0,0
097-4073,0,0,n/a,0,0,0,0,0,0,0,0,0,0
097-4074,137,0,0.0,0,0,0,0,0,0,0,0,0,0
097-4074,137,117,85.4,73,40,77,39,48,64,27,79,80,32
097-4102,93,0,0.0,0,0,0,0,0,0,0,0,0,0
097-4102,93,75,80.6,44,27,43,27,37,32,34,34,38,32
097-4103,1315,274,20.8,151,105,138,131,130,128,117,115,153,108
097-4103,1315,843,64.1,466,351,445,378,380,429,343,424,495,316
097-4104,236,0,0.0,0,0,0,0,0,0,0,0,0,0
097-4104,236,206,87.3,129,67,102,92,83,107,81,101,134,59
097-4106,113,0,0.0,0,0,0,0,0,0,0,0,0,0
097-4106,113,84,74.3,46,35,51,32,38,42,38,39,49,32
097-4109,1681,310,18.4,173,122,157,145,121,176,135,141,200,95
097-4109,1681,1107,65.9,652,400,601,486,514,539,444,553,660,390
097-4110,1900,401,21.1,194,185,207,183,167,209,161,195,210,168
097-4110,1900,1230,64.7,731,439,701,499,541,616,472,647,755,414
097-4127,1257,235,18.7,128,94,136,92,114,105,80,133,135,90
097-4127,1257,830,66.0,527,276,487,330,431,355,400,353,534,258
097-4128,99,0,0.0,0,0,0,0,0,0,0,0,0,0
097-4128,99,93,93.9,57,30,46,45,41,49,41,43,45,45
097-4129,159,0,0.0,0,0,0,0,0,0,0,0,0,0
097-4129,159,150,94.3,82,64,69,80,55,88,63,71,81,64
097-4201,1797,446,24.8,240,182,259,174,211,217,161,239,254,174
097-4201,1797,1074,59.8,574,451,620,428,512,515,466,531,611,425
097-4203,1035,277,26.8,139,115,141,130,117,140,106,133,142,120
097-4203,1035,596,57.6,323,259,377,214,236,333,255,291,350,232
097-4204,1723,319,18.5,167,137,158,154,135,170,126,160,190,112
097-4204,1723,1213,70.4,661,502,676,504,532,623,508,591,767,394
097-4401,1676,392,23.4,243,128,206,179,182,189,160,176,242,129
097-4401,1676,1090,65.0,681,366,609,459,446,588,454,523,685,354
097-4402,1870,415,22.2,276,126,223,183,179,218,144,224,285,114
097-4402,1870,1274,68.1,825,398,757,487,564,640,502,641,849,365
097-4406,1428,311,21.8,217,76,204,101,139,158,109,167,217,78
097-4406,1428,922,64.6,591,288,535,363,443,431,377,442,643,231
097-4407,0,0,n/a,0,0,0,0,0,0,0,0,0,0
097-4407,0,0,n/a,0,0,0,0,0,0,0,0,0,0
097-4902,1817,398,21.9,221,152,202,181,175,201,159,193,221,156
097-4902,1817,1154,63.5,649,452,633,484,536,564,508,531,676,423
097-4903,1467,256,17.5,144,102,138,109,104,136,95,138,148,93
097-4903,1467,1058,72.1,579,444,550,484,416,602,470,491,632,385
097-4904,1596,294,18.4,155,123,129,161,122,160,151,127,170,113
097-4904,1596,1125,70.5,645,432,579,518,479,577,488,524,693,378
097-4906,1887,349,18.5,205,117,174,164,179,147,132,165,184,140
097-4906,1887,1315,69.7,765,490,711,571,588,669,595,601,778,485
097-4907,1927,410,21.3,224,165,209,193,196,190,173,190,244,143
097-4907,1927,1239,64.3,737,465,684,529,586,594,531,597,737,451
097-4908,2179,479,22.0,235,219,239,233,195,264,201,227,273,184
097-4908,2179,1349,61.9,822,470,784,526,660,619,579,632,811,479
097-5008,1419,347,24.5,192,134,171,166,146,181,118,188,194,134
097-5008,1419,799,56.3,448,311,454,328,368,396,314,409,499,271
097-5026,35,0,0.0,0,0,0,0,0,0,0,0,0,0
097-5026,35,27,77.1,12,12,15,10,13,12,12,12,13,11
097-5029,43,0,0.0,0,0,0,0,0,0,0,0,0,0
097-5029,43,40,93.0,20,20,20,20,18,21,16,21,22,17
097-5031,516,112,21.7,67,39,58,53,35,74,34,68,66,40
097-5031,516,349,67.6,226,103,224,116,126,208,102,220,252,82
097-5050,0,0,n/a,0,0,0,0,0,0,0,0,0,0
097-5050,0,0,n/a,0,0,0,0,0,0,0,0,0,0
097-5052,172,0,0.0,0,0,0,0,0,0,0,0,0,0
097-5052,172,148,86.0,78,66,94,50,57,87,57,80,103,41
097-5054,4,0,0.0,0,0,0,0,0,0,0,0,0,0
097-5054,4,4,100.0,2,1,4,0,1,2,0,3,4,0
097-5055,80,0,0.0,0,0,0,0,0,0,0,0,0,0
097-5055,80,64,80.0,22,36,35,26,30,29,20,37,43,18
097-5056,212,0,0.0,0,0,0,0,0,0,0,0,0,0
097-5056,212,171,80.7,91,71,110,60,72,86,61,99,122,43
097-5057,90,0,0.0,0,0,0,0,0,0,0,0,0,0
097-5057,90,79,87.8,44,32,52,25,39,36,32,40,50,27
097-5058,79,0,0.0,0,0,0,0,0,0,0,0,0,0
097-5058,79,65,82.3,46,16,44,18,27,35,25,32,44,18
097-5059,19,0,0.0,0,0,0,0,0,0,0,0,0,0
097-5059,19,19,100.0,9,10,9,10,4,15,8,10,13,6
097-5060,55,0,0.0,0,0,0,0,0,0,0,0,0,0
097-5060,55,55,100.0,42,12,36,15,24,26,12,34,42,8
097-5062,99,0,0.0,0,0,0,0,0,0,0,0,0,0
097-5062,99,88,88.9,71,17,56,31,29,59,20,61,74,13
097-5063,187,0,0.0,0,0,0,0,0,0,0,0,0,0
097-5063,187,174,93.0,114,57,100,69,58,101,54,99,131,36
097-5064,174,0,0.0,0,0,0,0,0,0,0,0,0,0
097-5064,174,158,90.8,96,53,88,62,47,101,38,110,128,25
097-5065,35,0,0.0,0,0,0,0,0,0,0,0,0,0
097-5065,35,32,91.4,22,8,19,13,12,20,6,23,26,6
097-5067,0,0,n/a,0,0,0,0,0,0,0,0,0,0
097-5067,0,0,n/a,0,0,0,0,0,0,0,0,0,0
097-5068,5,0,0.0,0,0,0,0,0,0,0,0,0,0
097-5068,5,5,100.0,4,0,1,4,3,2,1,3,4,1
097-5069,75,0,0.0,0,0,0,0,0,0,0,0,0,0
097-5069,75,68,90.7,49,16,44,20,21,43,15,45,54,10
097-5070,39,0,0.0,0,0,0,0,0,0,0,0,0,0
097-5070,39,37,94.9,18,17,13,22,9,20,8,25,20,11
097-5071,6,0,0.0,0,0,0,0,0,0,0,0,0,0
097-5071,6,5,83.3,4,0,3,1,1,3,1,3,3,1
097-5074,5,0,0.0,0,0,0,0,0,0,0,0,0,0
097-5074,5,4,80.0,0,4,2,2,0,4,1,1,1,3
097-5075,0,0,n/a,0,0,0,0,0,0,0,0,0,0
097-5075,0,0,n/a,0,0,0,0,0,0,0,0,0,0
097-5076,0,0,n/a,0,0,0,0,0,0,0,0,0,0
097-5076,0,0,n/a,0,0,0,0,0,0,0,0,0,0
097-5077,393,74,18.8,40,27,41,31,42,27,32,34,50,16
097-5077,393,272,69.2,148,108,137,127,100,155,82,154,163,96
097-5104,2187,491,22.5,293,156,268,213,246,214,200,232,277,184
097-5104,2187,1213,55.5,783,374,728,458,589,550,506,590,737,426
097-5105,1766,376,21.3,220,118,193,171,181,164,163,168,213,137
097-5105,1766,971,55.0,607,322,550,406,466,458,423,464,590,350
097-5109,1556,307,19.7,178,112,155,139,121,168,118,155,183,104
097-5109,1556,1028,66.1,625,360,584,410,452,520,430,487,640,342
097-5111,1449,314,21.7,169,108,142,158,116,170,139,138,176,118
097-5111,1449,922,63.6,568,304,492,407,405,464,428,406,548,323
097-5114,0,0,n/a,0,0,0,0,0,0,0,0,0,0
097-5114,0,0,n/a,0,0,0,0,0,0,0,0,0,0
097-5115,844,191,22.6,113,59,104,80,84,92,78,92,104,70
097-5115,844,458,54.3,297,140,258,190,214,217,199,229,287,149
097-5116,220,0,0.0,0,0,0,0,0,0,0,0,0,0
097-5116,220,200,90.9,142,46,107,79,90,93,78,90,129,56
097-7101,434,81,18.7,46,31,36,43,24,54,24,50,48,32
097-7101,434,315,72.6,159,148,169,142,110,195,116,167,182,123
097-7102,54,0,0.0,0,0,0,0,0,0,0,0,0,0
097-7102,54,48,88.9,22,24,22,25,10,34,19,22,30,15
097-7103,119,0,0.0,0,0,0,0,0,0,0,0,0,0
097-7103,119,106,89.1,61,40,58,48,40,60,47,54,65,35
097-7104,249,0,0.0,0,0,0,0,0,0,0,0,0,0
097-7104,249,222,89.2,116,94,130,88,99,112,112,94,134,78
097-7105,9,0,0.0,0,0,0,0,0,0,0,0,0,0
097-7105,9,9,100.0,3,6,2,7,4,5,3,6,5,4
097-7106,144,0,0.0,0,0,0,0,0,0,0,0,0,0
097-7106,144,134,93.1,78,54,82,48,53,73,66,54,86,43
097-7107,1436,310,21.6,185,113,173,129,124,173,118,162,207,92
097-7107,1436,994,69.2,638,322,574,408,369,592,367,553,686,294
097-7108,2,0,0.0,0,0,0,0,0,0,0,0,0,0
097-7108,2,2,100.0,0,2,0,2,0,2,2,0,0,2
097-7109,0,0,n/a,0,0,0,0,0,0,0,0,0,0
097-7109,0,0,n/a,0,0,0,0,0,0,0,0,0,0
097-7110,80,0,0.0,0,0,0,0,0,0,0,0,0,0
097-7110,80,75,93.8,47,22,48,24,39,29,21,42,56,13
097-7111,1637,452,27.6,281,141,274,167,197,229,173,230,305,125
097-7111,1637,1010,61.7,711,260,704,290,475,495,345,576,713,266
097-7112,1901,482,25.4,324,119,314,156,230,224,186,241,330,123
097-7112,1901,1129,59.4,797,284,749,356,557,516,428,601,800,288
097-7113,1673,430,25.7,274,127,276,147,211,196,156,223,268,142
097-7113,1673,981,58.6,679,261,651,306,480,457,396,483,682,262
097-7114,134,0,0.0,0,0,0,0,0,0,0,0,0,0
097-7114,134,119,88.8,83,30,71,43,53,54,47,54,88,24
097-7115,134,0,0.0,0,0,0,0,0,0,0,0,0,0
097-7115,134,122,91.0,74,45,80,42,54,67,41,71,87,33
097-7116,119,0,0.0,0,0,0,0,0,0,0,0,0,0
097-7116,119,102,85.7,58,37,65,31,41,52,37,52,65,27
097-7117,63,0,0.0,0,0,0,0,0,0,0,0,0,0
097-7117,63,58,92.1,49,6,50,8,26,31,18,38,49,8
097-7118,538,127,23.6,76,34,77,45,51,62,44,63,73,43
097-7118,538,345,64.1,219,108,183,152,156,169,149,167,211,115
097-7119,827,144,17.4,84,48,80,60,47,87,55,75,89,46
097-7119,827,598,72.3,388,188,362,228,241,336,259,293,395,181
097-7120,417,94,22.5,57,32,51,39,34,54,32,51,62,27
097-7120,417,272,65.2,206,58,161,105,111,151,93,147,191,66
097-7121,41,0,0.0,0,0,0,0,0,0,0,0,0,0
097-7121,41,18,43.9,9,8,13,5,9,8,12,5,10,7
097-7122,2325,611,26.3,371,207,339,262,284,299,231,326,388,202
097-7122,2325,1395,60.0,905,425,889,477,653,684,570,704,918,414
097-7123,1376,208,15.1,151,50,123,81,98,104,79,112,147,53
097-7123,1376,1056,76.7,797,222,622,406,502,496,457,505,665,336
097-7124,991,227,22.9,128,92,128,98,89,125,102,103,145,72
097-7124,991,650,65.6,403,222,393,244,310,307,313,274,401,217
097-7125,487,145,29.8,75,67,72,70,60,82,61,80,77,65
097-7125,487,291,59.8,151,124,166,114,131,140,133,123,151,120
097-7126,20,0,0.0,0,0,0,0,0,0,0,0,0,0
097-7126,20,20,100.0,8,12,11,9,5,14,7,12,11,9
097-7127,573,97,16.9,50,39,61,33,37,56,40,43,55,36
097-7127,573,424,74.0,225,171,265,152,174,220,153,226,272,135
097-7128,85,0,0.0,0,0,0,0,0,0,0,0,0,0
097-7128,85,80,94.1,51,29,40,40,26,53,29,47,50,30
097-7129,0,0,n/a,0,0,0,0,0,0,0,0,0,0
097-7129,0,0,n/a,0,0,0,0,0,0,0,0,0,0
097-7130,455,64,14.1,29,33,30,32,21,40,28,30,33,28
097-7130,455,347,76.3,176,163,194,145,130,208,138,194,214,123
097-7131,124,0,0.0,0,0,0,0,0,0,0,0,0,0
097-7131,124,111,89.5,65,46,64,47,47,61,34,71,80,29
097-7132,183,0,0.0,0,0,0,0,0,0,0,0,0,0
097-7132,183,165,90.2,102,55,99,62,71,88,59,89,116,46
097-7133,1,0,0.0,0,0,0,0,0,0,0,0,0,0
097-7133,1,1,100.0,1,0,0,1,1,0,0,1,1,0
097-7134,1,0,0.0,0,0,0,0,0,0,0,0,0,0
097-7134,1,1,100.0,0,1,1,0,0,1,0,1,1,0
097-7135,2,0,0.0,0,0,0,0,0,0,0,0,0,0
097-7135,2,1,50.0,0,1,0,1,0,1,0,1,0,1
097-7136,324,44,13.6,21,21,20,23,18,25,18,23,19,24
097-7136,324,246,75.9,181,58,162,78,99,137,74,148,172,63
097-7137,270,46,17.0,27,15,22,23,17,27,17,23,27,17
097-7137,270,180,66.7,103,66,104,68,82,86,71,90,110,61
097-7138,659,159,24.1,90,57,90,65,79,70,65,80,101,48
097-7138,659,444,67.4,259,164,216,217,175,242,158,240,293,133
097-7139,1278,182,14.2,120,50,98,75,60,109,68,92,127,44
097-7139,1278,943,73.8,606,290,489,427,336,552,321,539,675,222
097-7140,1713,362,21.1,218,126,210,145,140,202,143,182,242,99
097-7140,1713,1078,62.9,663,354,619,431,458,551,413,547,689,322
097-7141,1172,271,23.1,172,87,151,112,103,151,98,144,157,98
097-7141,1172,738,63.0,498,212,458,263,332,368,228,434,517,187
097-7142,236,0,0.0,0,0,0,0,0,0,0,0,0,0
097-7142,236,216,91.5,142,71,105,107,99,110,84,116,142,66
097-7143,724,146,20.2,87,50,83,60,62,76,56,74,93,47
097-7143,724,480,66.3,304,150,298,159,221,215,162,248,313,133
097-7144,2193,237,10.8,145,81,82,148,53,169,83,140,164,61
097-7144,2193,1830,83.4,1245,515,897,876,588,1161,578,1120,1243,509
097-7145,1526,348,22.8,251,84,223,118,169,161,115,191,212,115
097-7145,1526,1031,67.6,724,265,627,376,478,498,435,494,691,295
097-7146,1669,347,20.8,228,97,179,156,138,180,134,169,211,112
097-7146,1669,1121,67.2,781,305,699,392,523,529,486,508,727,346
097-7147,2089,392,18.8,264,103,223,147,167,195,128,210,235,129
097-7147,2089,1438,68.8,1061,311,879,499,678,661,551,717,962,391
097-7201,382,60,15.7,22,35,33,25,34,25,22,30,29,29
097-7201,382,282,73.8,122,149,160,117,106,157,133,125,146,121
097-7202,11,0,0.0,0,0,0,0,0,0,0,0,0,0
097-7202,11,9,81.8,2,7,8,1,2,6,5,3,3,6
097-7203,1738,412,23.7,207,184,220,183,171,221,165,205,239,151
097-7203,1738,1130,65.0,626,449,631,465,448,635,476,552,737,340
097-7204,74,0,0.0,0,0,0,0,0,0,0,0,0,0
097-7204,74,65,87.8,33,29,33,30,33,28,29,32,37,24
097-7205,246,0,0.0,0,0,0,0,0,0,0,0,0,0
097-7205,246,225,91.5,137,77,145,72,78,129,66,126,154,60
097-7206,1179,277,23.5,133,133,135,139,110,153,111,135,160,110
097-7206,1179,784,66.5,397,361,421,341,288,454,323,396,455,298
097-7207,974,239,24.5,117,112,135,99,85,143,87,129,129,96
097-7207,974,596,61.2,327,243,361,222,216,348,216,318,378,193
097-7208,421,98,23.3,40,51,65,33,47,48,41,46,44,49
097-7208,421,238,56.5,98,134,142,91,92,134,108,114,125,104
097-7209,106,0,0.0,0,0,0,0,0,0,0,0,0,0
097-7209,106,94,88.7,35,52,49,42,42,49,50,36,43,46
097-7210,573,134,23.4,86,46,97,36,52,74,45,75,94,34
097-7210,573,386,67.4,213,157,233,141,169,190,160,186,247,114
097-7211,549,124,22.6,73,41,74,48,50,68,42,70,77,43
097-7211,549,362,65.9,183,164,190,165,167,179,153,177,218,132
097-7212,936,245,26.2,129,98,143,96,114,113,87,124,151,80
097-7212,936,596,63.7,290,289,340,247,253,322,247,301,366,215
097-7213,15,0,0.0,0,0,0,0,0,0,0,0,0,0
097-7213,15,14,93.3,6,7,9,5,7,7,6,6,9,5
097-7214,410,82,20.0,54,24,48,33,25,52,21,47,48,29
097-7214,410,267,65.1,133,122,145,116,116,142,109,129,165,95
097-7215,404,96,23.8,49,38,59,33,37,50,38,47,55,32
097-7215,404,251,62.1,129,109,143,102,104,131,110,115,159,80
097-7216,350,69,19.7,19,47,22,45,24,43,42,22,31,37
097-7216,350,225,64.3,108,105,115,102,106,104,105,95,127,85
097-7217,202,0,0.0,0,0,0,0,0,0,0,0,0,0
097-7217,202,174,86.1,111,53,98,70,67,98,63,98,117,46
097-7218,0,0,n/a,0,0,0,0,0,0,0,0,0,0
097-7218,0,0,n/a,0,0,0,0,0,0,0,0,0,0
097-7219,50,0,0.0,0,0,0,0,0,0,0,0,0,0
097-7219,50,40,80.0,17,22,20,20,20,19,16,20,23,16
097-7220,204,0,0.0,0,0,0,0,0,0,0,0,0,0
097-7220,204,174,85.3,85,83,104,65,69,96,75,83,107,60
097-7221,4,0,0.0,0,0,0,0,0,0,0,0,0,0
097-7221,4,4,100.0,0,4,2,2,0,4,2,2,1,3
097-7222,261,0,0.0,0,0,0,0,0,0,0,0,0,0
097-7222,261,233,89.3,130,94,131,94,112,109,87,124,166,57
097-7223,153,0,0.0,0,0,0,0,0,0,0,0,0,0
097-7223,153,145,94.8,95,45,90,46,60,79,53,77,113,27
097-7224,17,0,0.0,0,0,0,0,0,0,0,0,0,0
097-7224,17,13,76.5,5,6,9,3,6,7,5,7,7,6
097-7225,3,0,0.0,0,0,0,0,0,0,0,0,0,0
097-7225,3,3,100.0,0,3,3,0,3,0,2,1,1,2
097-7226,485,77,15.9,34,38,40,34,29,44,33,39,51,23
097-7226,485,350,72.2,214,125,195,147,145,197,122,196,253,87
097-7227,1365,315,23.1,171,128,149,157,107,186,108,169,197,97
097-7227,1365,889,65.1,499,361,488,387,318,540,317,494,578,285
097-7228,20,0,0.0,0,0,0,0,0,0,0,0,0,0
097-7228,20,21,105.0,6,14,11,9,10,10,9,11,11,10
097-7229,109,0,0.0,0,0,0,0,0,0,0,0,0,0
097-7229,109,102,93.6,65,36,69,33,41,58,40,58,65,35
097-7230,4,0,0.0,0,0,0,0,0,0,0,0,0,0
097-7230,4,2,50.0,1,0,2,0,1,0,1,0,1,0
097-7231,354,44,12.4,25,16,14,27,11,27,14,21,24,14
097-7231,354,254,71.8,145,103,147,101,103,134,99,129,148,94
097-7232,5,0,0.0,0,0,0,0,0,0,0,0,0,0
097-7232,5,4,80.0,2,2,1,3,3,1,0,3,4,0
097-7233,43,0,0.0,0,0,0,0,0,0,0,0,0,0
097-7233,43,36,83.7,12,22,18,17,13,20,17,16,16,17
097-7234,0,0,n/a,0,0,0,0,0,0,0,0,0,0
097-7234,0,0,n/a,0,0,0,0,0,0,0,0,0,0
097-7235,100,0,0.0,0,0,0,0,0,0,0,0,0,0
097-7235,100,91,91.0,51,39,50,39,44,46,29,52,64,26
097-7236,253,0,0.0,0,0,0,0,0,0,0,0,0,0
097-7236,253,214,84.6,130,77,135,73,83,119,90,109,153,52
097-7237,5,0,0.0,0,0,0,0,0,0,0,0,0,0
097-7237,5,5,100.0,4,1,3,2,3,2,4,1,3,2
097-7238,58,0,0.0,0,0,0,0,0,0,0,0,0,0
097-7238,58,48,82.8,11,35,26,22,13,34,18,27,27,19
097-7239,2,0,0.0,0,0,0,0,0,0,0,0,0,0
097-7239,2,2,100.0,2,0,2,0,2,0,1,1,1,1
097-7240,50,0,0.0,0,0,0,0,0,0,0,0,0,0
097-7240,50,44,88.0,21,17,17,26,15,27,16,25,28,13
097-7241,47,0,0.0,0,0,0,0,0,0,0,0,0,0
097-7241,47,42,89.4,24,16,20,21,14,27,11,26,24,16
097-7242,969,247,25.5,149,88,148,91,106,123,78,132,162,70
097-7242,969,610,63.0,407,184,395,203,260,332,238,326,406,190
097-7243,1387,311,22.4,179,115,182,121,130,159,119,152,205,92
097-7243,1387,841,60.6,473,330,505,313,357,445,334,415,496,317
097-7244,2246,515,22.9,360,130,343,154,235,250,173,274,368,127
097-7244,2246,1488,66.3,1030,405,986,463,608,810,544,815,1057,374
097-7245,1968,519,26.4,366,127,307,199,177,322,161,309,386,111
097-7245,1968,1291,65.6,941,280,850,412,498,716,421,749,918,319
097-7246,1822,424,23.3,273,135,268,149,175,225,151,233,278,119
097-7246,1822,1168,64.1,829,283,770,365,544,565,411,647,792,326
097-7247,685,110,16.1,63,42,52,56,53,55,40,63,61,46
097-7247,685,484,70.7,292,167,271,198,229,226,210,234,278,179
097-7248,1431,363,25.4,217,130,218,139,166,177,145,179,206,134
097-7248,1431,870,60.8,552,282,549,298,407,418,359,430,528,299
097-7249,917,210,22.9,114,74,104,94,99,98,98,85,124,72
097-7249,917,591,64.4,352,210,318,253,276,281,232,304,342,213
097-7250,121,0,0.0,0,0,0,0,0,0,0,0,0,0
097-7250,121,105,86.8,64,35,62,41,43,55,51,46,78,26
097-7251,112,0,0.0,0,0,0,0,0,0,0,0,0,0
097-7251,112,76,67.9,43,25,43,27,37,33,38,28,47,25
097-7252,568,131,23.1,73,46,77,51,52,70,47,67,88,36
097-7252,568,351,61.8,188,148,224,119,144,194,150,169,223,113
097-7253,1240,291,23.5,158,116,177,108,140,136,126,139,172,107
097-7253,1240,811,65.4,484,291,481,320,343,431,365,370,513,263
097-7254,3,0,0.0,0,0,0,0,0,0,0,0,0,0
097-7254,3,3,100.0,1,2,2,1,1,2,1,2,1,2
097-7301,7,0,0.0,0,0,0,0,0,0,0,0,0,0
097-7301,7,7,100.0,5,2,6,1,3,4,1,6,6,1
097-7302,114,0,0.0,0,0,0,0,0,0,0,0,0,0
097-7302,114,109,95.6,75,31,57,51,39,66,29,65,74,33
097-7303,14,0,0.0,0,0,0,0,0,0,0,0,0,0
097-7303,14,12,85.7,6,5,7,5,7,4,5,5,5,6
097-7304,18,0,0.0,0,0,0,0,0,0,0,0,0,0
097-7304,18,16,88.9,9,4,10,4,2,11,2,11,9,5
097-7305,230,0,0.0,0,0,0,0,0,0,0,0,0,0
097-7305,230,207,90.0,129,63,111,90,69,126,76,105,141,57
097-7306,438,84,19.2,47,34,34,49,26,55,38,39,53,30
097-7306,438,294,67.1,168,108,146,140,102,181,131,138,188,101
097-7307,1970,412,20.9,234,149,242,156,202,184,165,204,229,156
097-7307,1970,1168,59.3,749,346,718,413,574,511,462,570,761,335
097-7308,1767,406,23.0,246,139,214,185,121,268,135,234,286,96
097-7308,1767,1211,68.5,815,349,682,494,488,657,421,661,822,331
097-7309,1063,100,9.4,60,30,37,56,48,39,42,42,64,26
097-7309,1063,857,80.6,554,271,412,416,376,437,378,398,523,287
097-7310,1417,256,18.1,154,89,115,137,93,151,103,127,138,109
097-7310,1417,1024,72.3,649,342,512,488,380,604,370,557,667,320
097-7311,183,0,0.0,0,0,0,0,0,0,0,0,0,0
097-7311,183,158,86.3,85,69,92,64,74,79,67,74,80,70
097-7312,39,0,0.0,0,0,0,0,0,0,0,0,0,0
097-7312,39,34,87.2,18,14,19,14,16,17,12,19,20,12
097-7313,221,0,0.0,0,0,0,0,0,0,0,0,0,0
097-7313,221,186,84.2,105,69,100,80,95,78,81,84,117,59
097-7314,4,0,0.0,0,0,0,0,0,0,0,0,0,0
097-7314,4,3,75.0,0,3,1,2,0,2,1,2,0,3
097-7315,1745,446,25.6,250,165,258,173,214,203,180,217,269,146
097-7315,1745,923,52.9,625,263,616,290,430,455,306,530,643,251
097-7401,90,0,0.0,0,0,0,0,0,0,0,0,0,0
097-7401,90,83,92.2,37,44,41,40,29,48,44,25,50,31
097-7402,388,77,19.8,36,38,32,44,23,52,30,44,36,38
097-7402,388,261,67.3,149,106,126,129,102,147,105,141,157,91
097-7403,155,0,0.0,0,0,0,0,0,0,0,0,0,0
097-7403,155,130,83.9,70,51,73,53,50,71,54,53,78,40
097-7404,7,0,0.0,0,0,0,0,0,0,0,0,0,0
097-7404,7,7,100.0,5,2,7,0,5,2,3,4,6,1
097-7405,15,0,0.0,0,0,0,0,0,0,0,0,0,0
097-7405,15,13,86.7,11,2,6,7,7,6,2,11,11,2
097-7406,147,0,0.0,0,0,0,0,0,0,0,0,0,0
097-7406,147,124,84.4,77,43,68,55,50,70,54,66,83,38
097-7407,190,0,0.0,0,0,0,0,0,0,0,0,0,0
097-7407,190,171,90.0,82,79,90,77,70,90,74,79,102,58
097-7408,508,141,27.8,67,67,68,70,48,85,45,79,91,44
097-7408,508,299,58.9,152,132,152,140,112,170,117,142,189,96
097-7409,0,0,n/a,0,0,0,0,0,0,0,0,0,0
097-7409,0,0,n/a,0,0,0,0,0,0,0,0,0,0
097-7410,137,0,0.0,0,0,0,0,0,0,0,0,0,0
097-7410,137,123,89.8,69,51,66,54,40,78,62,51,74,43
097-7411,7,0,0.0,0,0,0,0,0,0,0,0,0,0
097-7411,7,6,85.7,3,3,2,4,6,0,1,5,2,4
097-7412,53,0,0.0,0,0,0,0,0,0,0,0,0,0
097-7412,53,48,90.6,13,29,16,28,16,28,22,19,22,21
097-7413,135,0,0.0,0,0,0,0,0,0,0,0,0,0
097-7413,135,122,90.4,54,63,60,60,43,75,56,57,59,59
097-7414,251,0,0.0,0,0,0,0,0,0,0,0,0,0
097-7414,251,224,89.2,83,133,107,112,86,129,110,94,114,106
097-7415,1855,400,21.6,238,130,242,141,192,176,150,209,246,127
097-7415,1855,1054,56.8,696,310,597,418,547,440,402,546,679,319
097-7416,732,144,19.7,81,57,77,62,59,75,67,65,85,51
097-7416,732,489,66.8,258,212,263,209,201,265,226,208,268,193
097-7417,850,124,14.6,53,57,74,48,57,59,62,47,59,56
097-7417,850,571,67.2,346,196,305,247,285,253,241,281,350,188
097-7418,2173,536,24.7,290,226,277,251,223,284,196,279,313,194
097-7418,2173,1351,62.2,733,571,740,586,594,700,601,631,802,499
097-7419,31,0,0.0,0,0,0,0,0,0,0,0,0,0
097-7419,31,29,93.5,12,17,24,4,7,22,10,15,18,11
097-7420,431,81,18.8,37,39,35,44,36,38,41,34,48,30
097-7420,431,310,71.9,154,147,153,150,118,178,113,171,181,118
097-7421,550,129,23.5,48,78,52,75,37,86,50,69,60,63
097-7421,550,344,62.5,171,162,181,154,122,206,132,177,192,139
097-7422,261,0,0.0,0,0,0,0,0,0,0,0,0,0
097-7422,261,236,90.4,123,104,126,104,100,124,104,105,157,71
097-7423,268,0,0.0,0,0,0,0,0,0,0,0,0,0
097-7423,268,235,87.7,114,109,114,115,81,137,80,131,141,84
097-7424,738,176,23.8,99,68,95,75,67,102,48,110,123,47
097-7424,738,491,66.5,278,197,273,210,191,280,184,264,300,168
097-7425,2,0,0.0,0,0,0,0,0,0,0,0,0,0
097-7425,2,0,0.0,0,0,0,0,0,0,0,0,0,0
097-7426,72,0,0.0,0,0,0,0,0,0,0,0,0,0
097-7426,72,63,87.5,39,23,31,32,23,38,17,38,45,16
097-7427,60,0,0.0,0,0,0,0,0,0,0,0,0,0
097-7427,60,56,93.3,35,20,38,18,15,40,18,35,39,16
097-7428,32,0,0.0,0,0,0,0,0,0,0,0,0,0
097-7428,32,26,81.3,9,17,17,9,8,18,16,10,15,11
097-7429,206,0,0.0,0,0,0,0,0,0,0,0,0,0
097-7429,206,175,85.0,81,87,93,78,69,96,70,85,107,62
097-7430,252,0,0.0,0,0,0,0,0,0,0,0,0,0
097-7430,252,225,89.3,138,78,132,89,96,120,80,118,140,73
097-7431,812,220,27.1,130,78,123,88,104,104,75,120,130,77
097-7431,812,514,63.3,269,221,287,223,206,291,210,258,316,183
097-7432,5,0,0.0,0,0,0,0,0,0,0,0,0,0
097-7432,5,5,100.0,3,1,4,1,3,2,1,3,5,0
097-7433,84,0,0.0,0,0,0,0,0,0,0,0,0,0
097-7433,84,82,97.6,48,29,37,43,35,40,20,52,55,20
097-7434,37,0,0.0,0,0,0,0,0,0,0,0,0,0
097-7434,37,29,78.4,9,17,12,16,7,20,11,17,15,13
097-7435,1134,261,23.0,125,122,142,113,108,144,90,137,143,103
097-7435,1134,720,63.5,354,338,405,307,279,403,287,367,432,260
097-7436,97,0,0.0,0,0,0,0,0,0,0,0,0,0
097-7436,97,82,84.5,29,47,38,40,35,42,43,26,40,37
097-7437,16,0,0.0,0,0,0,0,0,0,0,0,0,0
097-7437,16,10,62.5,8,2,6,5,2,9,1,8,10,1
097-7438,17,0,0.0,0,0,0,0,0,0,0,0,0,0
097-7438,17,14,82.4,8,4,8,4,5,8,4,7,9,4
097-7439,16,0,0.0,0,0,0,0,0,0,0,0,0,0
097-7439,16,11,68.8,7,4,5,6,6,5,3,6,6,5
097-7440,1519,281,18.5,142,127,130,144,87,182,106,150,167,105
097-7440,1519,1088,71.6,630,420,573,494,439,601,427,572,701,355
097-7441,655,134,20.5,69,59,73,56,52,77,48,75,76,53
097-7441,655,434,66.3,251,158,244,178,196,219,177,224,259,158
097-7442,1654,410,24.8,229,165,224,176,191,202,173,189,253,140
097-7442,1654,1014,61.3,606,372,566,433,486,493,441,490,633,347
097-7443,0,0,n/a,0,0,0,0,0,0,0,0,0,0
097-7443,0,0,n/a,0,0,0,0,0,0,0,0,0,0
097-7444,50,0,0.0,0,0,0,0,0,0,0,0,0,0
097-7444,50,41,82.0,27,11,22,18,19,17,22,16,20,19
097-7445,9,0,0.0,0,0,0,0,0,0,0,0,0,0
097-7445,9,10,111.1,5,4,4,6,5,5,1,7,6,3
097-7446,40,0,0.0,0,0,0,0,0,0,0,0,0,0
097-7446,40,37,92.5,19,17,19,18,16,20,21,14,20,16
097-7447,842,170,20.2,83,77,94,72,63,99,45,100,103,59
097-7447,842,572,67.9,296,255,281,277,234,315,249,278,352,196
097-7448,1430,336,23.5,166,146,156,173,136,180,135,161,201,120
097-7448,1430,929,65.0,484,414,449,455,370,514,384,463,565,332
097-7449,19,0,0.0,0,0,0,0,0,0,0,0,0,0
097-7449,19,18,94.7,10,8,9,9,5,12,8,10,12,6
097-7450,23,0,0.0,0,0,0,0,0,0,0,0,0,0
097-7450,23,18,78.3,6,11,6,12,7,10,8,9,4,13
097-7451,29,0,0.0,0,0,0,0,0,0,0,0,0,0
097-7451,29,23,79.3,16,5,15,8,11,10,5,16,18,3
097-7452,1720,374,21.7,243,111,217,147,174,182,155,183,259,97
097-7452,1720,1188,69.1,818,325,725,430,528,605,427,649,848,292
097-7453,1918,436,22.7,224,185,243,185,187,230,204,188,232,186
097-7453,1918,1170,61.0,663,448,707,446,545,575,487,587,726,412
097-7454,1921,368,19.2,185,164,173,189,139,206,162,165,188,160
097-7454,1921,1277,66.5,721,507,656,589,562,660,559,606,731,493
097-7455,3,0,0.0,0,0,0,0,0,0,0,0,0,0
097-7455,3,3,100.0,0,3,2,1,2,1,0,1,2,1
097-7456,162,0,0.0,0,0,0,0,0,0,0,0,0,0
097-7456,162,148,91.4,90,51,65,79,75,67,67,65,88,54
097-7457,2,0,0.0,0,0,0,0,0,0,0,0,0,0
097-7457,2,2,100.0,1,1,1,1,1,1,0,1,1,1
097-7501,453,104,23.0,75,26,50,50,39,60,32,62,86,17
097-7501,453,306,67.5,218,78,199,101,136,159,81,185,229,63
097-7502,1083,246,22.7,146,81,127,114,110,116,79,134,169,64
097-7502,1083,692,63.9,501,169,461,216,366,296,252,367,491,174
097-7503,141,0,0.0,0,0,0,0,0,0,0,0,0,0
097-7503,141,119,84.4,83,33,77,38,51,60,39,66,101,15
097-7504,1546,340,22.0,215,108,184,147,133,190,93,212,252,79
097-7504,1546,1021,66.0,701,283,591,398,443,533,303,616,715,267
097-7505,736,139,18.9,84,47,67,67,43,89,38,82,102,30
097-7505,736,517,70.2,346,161,293,211,183,312,148,326,384,120
097-7506,845,176,20.8,119,47,91,82,63,100,46,110,127,38
097-7506,845,584,69.1,393,175,358,224,203,362,174,371,413,154
097-7507,1040,255,24.5,175,61,140,107,98,137,63,152,193,45
097-7507,1040,689,66.3,450,209,408,267,279,381,225,389,499,165
097-7508,18,0,0.0,0,0,0,0,0,0,0,0,0,0
097-7508,18,14,77.8,4,10,5,8,7,7,6,7,7,6
097-7509,352,79,22.4,54,22,45,34,29,45,17,52,68,8
097-7509,352,236,67.0,168,57,142,86,88,137,71,143,182,44
097-7510,877,188,21.4,128,50,105,79,72,106,55,109,128,48
097-7510,877,625,71.3,418,182,372,232,228,367,163,403,459,156
097-7511,1316,292,22.2,190,88,158,126,96,174,59,192,220,58
097-7511,1316,900,68.4,602,270,521,354,304,553,227,574,648,225
097-7512,608,140,23.0,89,44,78,60,37,98,34,91,105,31
097-7512,608,417,68.6,308,103,259,150,155,246,114,263,334,73
097-7513,526,123,23.4,94,23,87,35,38,75,17,88,104,11
097-7513,526,349,66.3,235,107,218,132,142,203,116,199,271,72
097-7514,16,0,0.0,0,0,0,0,0,0,0,0,0,0
097-7514,16,12,75.0,8,2,4,4,6,3,3,6,6,4
097-7515,214,0,0.0,0,0,0,0,0,0,0,0,0,0
097-7515,214,184,86.0,97,80,100,82,68,111,74,97,109,71
097-7516,48,0,0.0,0,0,0,0,0,0,0,0,0,0
097-7516,48,42,87.5,14,26,27,14,14,27,26,15,27,14
097-7517,7,0,0.0,0,0,0,0,0,0,0,0,0,0
097-7517,7,4,57.1,1,3,3,1,2,2,1,3,2,2
097-7518,708,149,21.0,79,61,71,76,54,86,51,77,85,57
097-7518,708,475,67.1,256,203,224,244,186,271,197,238,290,168
097-7519,207,0,0.0,0,0,0,0,0,0,0,0,0,0
097-7519,207,188,90.8,106,76,84,96,68,111,75,102,126,57
097-7520,81,0,0.0,0,0,0,0,0,0,0,0,0,0
097-7520,81,67,82.7,29,34,35,32,32,33,25,34,32,33
097-7521,68,0,0.0,0,0,0,0,0,0,0,0,0,0
097-7521,68,55,80.9,30,24,25,28,18,34,20,31,35,16
097-7522,1,0,0.0,0,0,0,0,0,0,0,0,0,0
097-7522,1,1,100.0,0,1,0,1,0,1,1,0,0,1
097-7523,882,217,24.6,131,78,135,78,95,104,67,120,137,65
097-7523,882,546,61.9,322,196,348,176,224,284,192,296,385,134
097-7524,765,156,20.4,100,47,79,71,65,79,46,86,115,36
097-7524,765,528,69.0,354,159,321,201,199,302,177,298,376,136
097-7525,1435,317,22.1,180,125,147,158,112,188,98,182,209,91
097-7525,1435,972,67.7,591,329,543,410,428,484,358,509,667,266
097-7526,1348,350,26.0,220,113,194,150,134,193,102,207,257,79
097-7526,1348,849,63.0,517,299,519,310,346,459,305,455,615,204
097-7527,225,0,0.0,0,0,0,0,0,0,0,0,0,0
097-7527,225,190,84.4,127,57,109,87,91,97,72,107,131,56
097-7528,78,0,0.0,0,0,0,0,0,0,0,0,0,0
097-7528,78,64,82.1,29,31,42,20,36,25,26,29,46,15
097-7529,57,0,0.0,0,0,0,0,0,0,0,0,0,0
097-7529,57,45,78.9,27,13,28,17,14,30,15,27,29,14
097-7530,1514,371,24.5,247,111,215,144,186,165,120,207,257,100
097-7530,1514,934,61.7,653,246,647,260,503,379,288,547,675,223
097-7531,1653,441,26.7,247,169,245,186,207,210,141,260,307,115
097-7531,1653,948,57.4,603,306,617,319,459,450,354,511,675,240
097-7532,82,0,0.0,0,0,0,0,0,0,0,0,0,0
097-7532,82,79,96.3,50,29,42,34,28,46,25,44,62,13
097-7533,13,0,0.0,0,0,0,0,0,0,0,0,0,0
097-7533,13,12,92.3,6,5,6,6,8,4,4,8,7,5
097-7534,80,0,0.0,0,0,0,0,0,0,0,0,0,0
097-7534,80,71,88.8,48,20,49,20,32,35,24,45,51,16
097-7535,441,112,25.4,69,37,59,49,51,53,44,55,71,34
097-7535,441,238,54.0,138,87,120,109,100,125,98,118,142,81
097-7536,1485,370,24.9,212,132,187,169,170,164,141,178,218,127
097-7536,1485,831,56.0,506,284,471,331,387,408,326,422,511,286
097-7537,82,0,0.0,0,0,0,0,0,0,0,0,0,0
097-7537,82,68,82.9,31,33,32,34,23,40,29,34,41,24
097-7538,19,0,0.0,0,0,0,0,0,0,0,0,0,0
097-7538,19,18,94.7,9,8,4,13,10,6,6,8,10,6
097-7539,502,127,25.3,73,48,68,57,62,59,59,59,71,52
097-7539,502,242,48.2,136,88,134,105,117,111,93,124,150,79
097-7540,87,0,0.0,0,0,0,0,0,0,0,0,0,0
097-7540,87,71,81.6,44,26,37,32,28,38,19,43,38,30
097-7541,85,0,0.0,0,0,0,0,0,0,0,0,0,0
097-7541,85,76,89.4,34,40,37,37,45,30,38,33,45,29
097-7542,1933,498,25.8,320,152,280,200,186,283,138,304,379,93
097-7542,1933,1265,65.4,839,367,803,432,511,682,394,747,948,267
097-7543,447,133,29.8,82,42,71,58,41,77,21,87,93,26
097-7543,447,258,57.7,167,82,191,64,101,150,73,166,191,63
097-7544,5,0,0.0,0,0,0,0,0,0,0,0,0,0
097-7544,5,5,100.0,3,2,5,0,1,4,0,5,4,1
097-7545,724,154,21.3,75,73,81,73,62,84,57,85,95,47
097-7545,724,497,68.6,280,191,306,171,190,265,174,258,318,146
097-7546,966,208,21.5,121,77,111,91,80,117,72,119,138,58
097-7546,966,682,70.6,453,213,396,279,286,379,242,390,459,201
097-7547,27,0,0.0,0,0,0,0,0,0,0,0,0,0
097-7547,27,21,77.8,6,14,11,10,9,11,10,8,7,13
097-7548,18,0,0.0,0,0,0,0,0,0,0,0,0,0
097-7548,18,19,105.6,9,9,6,9,9,7,4,11,10,6
097-7549,302,38,12.6,27,9,22,15,6,31,9,27,30,6
097-7549,302,235,77.8,173,53,141,89,95,130,70,141,184,42
097-7550,207,0,0.0,0,0,0,0,0,0,0,0,0,0
097-7550,207,191,92.3,146,40,110,77,95,89,66,110,156,30
097-7551,221,0,0.0,0,0,0,0,0,0,0,0,0,0
097-7551,221,200,90.5,129,62,112,82,82,105,62,113,151,38
097-7552,44,0,0.0,0,0,0,0,0,0,0,0,0,0
097-7552,44,39,88.6,29,9,25,13,16,23,5,33,31,8
097-7553,9,0,0.0,0,0,0,0,0,0,0,0,0,0
097-7553,9,8,88.9,1,7,4,4,2,6,3,5,5,3
097-7554,18,0,0.0,0,0,0,0,0,0,0,0,0,0
097-7554,18,16,88.9,6,9,8,8,5,9,4,6,6,6
097-7555,19,0,0.0,0,0,0,0,0,0,0,0,0,0
097-7555,19,16,84.2,7,7,12,3,5,11,5,9,14,2
097-7556,646,176,27.2,123,49,108,67,71,96,51,114,136,29
097-7556,646,395,61.1,258,123,208,179,159,212,116,240,268,108
097-7557,92,0,0.0,0,0,0,0,0,0,0,0,0,0
097-7557,92,77,83.7,30,42,31,45,34,38,38,30,39,35
097-7558,907,127,14.0,88,32,62,60,37,81,41,77,92,28
097-7558,907,695,76.6,533,146,466,223,257,413,210,429,526,148
097-7559,170,0,0.0,0,0,0,0,0,0,0,0,0,0
097-7559,170,147,86.5,60,80,84,63,48,93,48,90,80,63
097-7560,9,0,0.0,0,0,0,0,0,0,0,0,0,0
097-7560,9,9,100.0,6,3,6,2,6,3,2,7,6,3
097-7561,1444,319,22.1,180,116,165,142,157,146,139,142,181,117
097-7561,1444,828,57.3,512,283,472,329,406,369,341,405,506,281
097-7562,1707,435,25.5,276,124,250,175,228,179,166,216,275,132
097-7562,1707,869,50.9,586,231,505,343,443,383,326,470,570,265
097-7563,2303,442,19.2,215,199,241,186,182,236,184,214,240,175
097-7563,2303,1539,66.8,907,571,818,685,652,817,646,752,952,522
097-7564,2162,511,23.6,287,188,264,234,221,263,210,245,300,183
097-7564,2162,1234,57.1,788,387,750,457,611,560,489,624,778,396
097-7565,1620,385,23.8,255,108,230,144,137,227,101,247,292,74
097-7565,1620,1045,64.5,762,244,659,363,415,578,273,682,806,199
097-7566,1700,354,20.8,256,78,209,129,120,211,69,240,275,62
097-7566,1700,1142,67.2,861,241,724,389,487,590,284,738,905,202
097-7567,1931,453,23.5,318,104,245,194,143,285,96,304,347,84
